コメントID,タイプ,親コメントID,投稿者名,投稿日時,いいね数,コメント本文,投稿者プロファイルURL,動画URL
UgwvLMRV-BNHm1J0mll4AaABAg,Thread,,@ojmm,2024-01-22T08:22:25Z,285,本庄横網を「ほんじょよこづな」と発音していました（滝汗）たくさんのご指摘ありがとうございます（自称池波ファンとしては穴あらば入りたしの気持ちです）・・・あと醤油のうすくち、濃い口も塩分濃度云々のご指摘ありがとうございます。基本この動画はエンターテインメントですのでいろいろ間違いを含んでおります（^^;;  勉強不足お許しくださいませm_ _m,https://yt3.ggpht.com/ytc/AIdro_mhogDy3ht8SHeU2nXQ7Lw2bl0-Ksd3UxIS8uOdKDQzgw=s48-c-k-c0x00ffffff-no-rj,https://www.youtube.com/watch?v=FHsIus9tAHM
UgwvLMRV-BNHm1J0mll4AaABAg.9zrpY0wWibOA-YIvFYxM5T,Reply,UgwvLMRV-BNHm1J0mll4AaABAg,@larryhanya,2024-02-08T05:35:13Z,25,今の世代は変わってきていますが、江戸っ子の味付けは本当にからいです。母も祖母も叔母もみな濃かった。蕎麦つゆも濃いし。なので、醤油についてはそのとおりですが塩分については間違っていないかと。,https://yt3.ggpht.com/ytc/AIdro_mHnn9wu-Pw5HFAJT5jSjL8v33h7fbDUqv7v46l446K4uo=s48-c-k-c0x00ffffff-no-rj,https://www.youtube.com/watch?v=FHsIus9tAHM
UgwvLMRV-BNHm1J0mll4AaABAg.9zrpY0wWibOA0BikEZ-3hy,Reply,UgwvLMRV-BNHm1J0mll4AaABAg,@shundora,2024-02-24T07:38:30Z,18,ちなみに本庄は埼玉県です。下町は本所です。ツナとアミ。間違えやすいですよね,https://yt3.ggpht.com/ytc/AIdro_nIK5BjuoCmKOqwhDDEwg_ctYTS9U_aEJeq7fGgA4B0D6GP=s48-c-k-c0x00ffffff-no-rj,https://www.youtube.com/watch?v=FHsIus9tAHM
UgwvLMRV-BNHm1J0mll4AaABAg.9zrpY0wWibOA0iiHefnRyb,Reply,UgwvLMRV-BNHm1J0mll4AaABAg,@新江利明,2024-03-08T12:28:38Z,4,😊,https://yt3.ggpht.com/ytc/AIdro_nN-2FpIew80aE9EPZBiZaKZs5S1exnbSsSpq68PlM=s48-c-k-c0x00ffffff-no-rj,https://www.youtube.com/watch?v=FHsIus9tAHM
UgwvLMRV-BNHm1J0mll4AaABAg.9zrpY0wWibOA0ijMIqJosq,Reply,UgwvLMRV-BNHm1J0mll4AaABAg,@新江利明,2024-03-08T12:38:01Z,1,😊😊😊😊😊😊😊😊😊😊😊😊😊😊😊😊😊😊😊😊😊😊😊😊😊😊😊,https://yt3.ggpht.com/ytc/AIdro_nN-2FpIew80aE9EPZBiZaKZs5S1exnbSsSpq68PlM=s48-c-k-c0x00ffffff-no-rj,https://www.youtube.com/watch?v=FHsIus9tAHM
UgwvLMRV-BNHm1J0mll4AaABAg.9zrpY0wWibOA0imgUuJfwG,Reply,UgwvLMRV-BNHm1J0mll4AaABAg,@みどりのそよ風77,2024-03-08T13:07:07Z,1,-7--,https://yt3.ggpht.com/ytc/AIdro_mb9zUY7qecK1JX4SvKxsgHKW-eoLkzeKLxrVzaGbFbwVM=s48-c-k-c0x00ffffff-no-rj,https://www.youtube.com/watch?v=FHsIus9tAHM
UgyVpzY6VxOdiT0Oqu94AaABAg,Thread,,@浦本寛,2024-03-16T22:10:53Z,128,いつの間にか一般チャンネルで時代劇が放送されなくなった。「鬼平犯科帳」は何度視ても飽きません。,https://yt3.ggpht.com/ytc/AIdro_nX8ey8sGXF4GPg6ZysVsOWcevOIwqRHDMiXDm2E0s=s48-c-k-c0x00ffffff-no-rj,https://www.youtube.com/watch?v=FHsIus9tAHM
UgynnKxfQZjOgG8l7Yh4AaABAg,Thread,,@mk46464,2024-05-10T04:32:42Z,153,5:12 蕎麦がなぜ食べられたのか。ばーちゃん曰く、野菜が育たなくなるとこぞって農家は蕎麦の実を植えて蕎麦を育てたそうで、蕎麦の苗はかなり丈夫で雨が少ない季節でも割と実が成るので不況や不作の時は村で協力して蕎麦を育てて飢えを凌いだ、と話してくれました。ばーちゃんのばーちゃんのそのまたばーちゃんから受け継がれている話です。,https://yt3.ggpht.com/ytc/AIdro_lbt1NidQ4VdFp9wmZ5GL_I7v8iWlfLsmTPztZ966MdCWX3HyB8AR4y_ozf4bQkMiOO-w=s48-c-k-c0x00ffffff-no-rj,https://www.youtube.com/watch?v=FHsIus9tAHM
UgynnKxfQZjOgG8l7Yh4AaABAg.A3F4tsfOgQ3A51uLuRuFSf,Reply,UgynnKxfQZjOgG8l7Yh4AaABAg,@なまみのひと,2024-06-23T18:44:28Z,13,家の福島のばーちゃんもおんなじこと言ってた😊,https://yt3.ggpht.com/GF61SAE7DqlTJtnMtTx1x2KQiJj-Y9Dmeo7i-xXOXVdz13UjCCt8ucpmid_NPEuzQMt_1bGp2Q=s48-c-k-c0x00ffffff-no-rj,https://www.youtube.com/watch?v=FHsIus9tAHM
UgynnKxfQZjOgG8l7Yh4AaABAg.A3F4tsfOgQ3A65Z9r6lif3,Reply,UgynnKxfQZjOgG8l7Yh4AaABAg,@abckenshin3825,2024-07-20T01:18:56Z,3,ま、全部ウソなんですけどね(-。-)y-゜゜゜,https://yt3.ggpht.com/ytc/AIdro_mWhZA_1YNQI2fYMIKXXuK2RtGmNuSrFdOQp_WwiPPzIR8=s48-c-k-c0x00ffffff-no-rj,https://www.youtube.com/watch?v=FHsIus9tAHM
UgynnKxfQZjOgG8l7Yh4AaABAg.A3F4tsfOgQ3A6D39RtrgLV,Reply,UgynnKxfQZjOgG8l7Yh4AaABAg,@淳浅野-w5h,2024-07-22T23:13:11Z,14,救荒作物と呼びます｡,https://yt3.ggpht.com/ytc/AIdro_nxVsg2YYziQ9V-yCVAEH_nxaFMNy2IQL09WwXX0TsTNrq88oE=s48-c-k-c0x00ffffff-no-rj,https://www.youtube.com/watch?v=FHsIus9tAHM
UgynnKxfQZjOgG8l7Yh4AaABAg.A3F4tsfOgQ3A6NVCZ_L7ln,Reply,UgynnKxfQZjOgG8l7Yh4AaABAg,@tyuuuuuuuuuuu,2024-07-27T00:30:41Z,0,そしてお前の代で途絶えると,https://yt3.ggpht.com/wZyzuO6YobTl0FKTbOFyxLbRn_lGdIFt0rveqxQhq5vZIEUBqTJZ3GozAaSX6O7XnmEcp-hKUQ=s48-c-k-c0x00ffffff-no-rj,https://www.youtube.com/watch?v=FHsIus9tAHM
UgynnKxfQZjOgG8l7Yh4AaABAg.A3F4tsfOgQ3A7J5hbIO3Ej,Reply,UgynnKxfQZjOgG8l7Yh4AaABAg,@灰色山猫,2024-08-19T04:02:18Z,6,江戸時代は藩によって違う。藩の特産物として生産してた地域では「農民は蕎麦食べるな」ってお触れ出てて、不作時も年貢免除してたから。,https://yt3.ggpht.com/Pquzh5PD0zKgV3DFmcqjBv5vxdbTxISHcVMWjut53U6xxUrkoJpMXBFREqmcmPH7B6dWWVF8Yw=s48-c-k-c0x00ffffff-no-rj,https://www.youtube.com/watch?v=FHsIus9tAHM
Ugzbrw0492hp-iQ5_XF4AaABAg,Thread,,@オリーブ-f3v,2024-02-17T03:48:06Z,18,漫画版鬼平は、張り込みや部下へのふるまいとしてほんとに蕎麦・深川飯・ウナギがよくでてきたなあ…原作の表現が本当うまそう。,https://yt3.ggpht.com/ytc/AIdro_ncTe6ZGuXDdBuWQNU6CtXThnEUXLtpRVn4qYpfct0=s48-c-k-c0x00ffffff-no-rj,https://www.youtube.com/watch?v=FHsIus9tAHM
UgzpljDoIcPCvDzhQJJ4AaABAg,Thread,,@ヤマネ光秀,2024-01-18T11:03:55Z,144,江戸時代の食文化が大変よく分かる、素晴らしい番組でした。,https://yt3.ggpht.com/ytc/AIdro_kWX1aqw4Aq2DFa7h_kIp8x5Rp-Agq0C7Wc3NYUzv8=s48-c-k-c0x00ffffff-no-rj,https://www.youtube.com/watch?v=FHsIus9tAHM
UgxKRgasPxNBD_GHpeJ4AaABAg,Thread,,@ぽんてぽん,2024-04-26T09:11:35Z,33,"蕎麦を食べているシーンでちゃんと短い蕎麦にしているのがさすが鬼平犯科帳
あのドラマの食事シーンはほんとよくできてる",https://yt3.ggpht.com/ytc/AIdro_mKLH0pNzfpuX4Ofj6fWEm5AMoukDrfetqJivI63aQ=s48-c-k-c0x00ffffff-no-rj,https://www.youtube.com/watch?v=FHsIus9tAHM
UgxKRgasPxNBD_GHpeJ4AaABAg.A2gXgDbJReBAF4mEYe8Bex,Reply,UgxKRgasPxNBD_GHpeJ4AaABAg,@mts146,2025-02-28T10:45:13Z,2,そういうことだったんですね。,https://yt3.ggpht.com/ytc/AIdro_lb-3Xm2Pd-kF8NFdzvIsPaB0F31FSouk_PxFH8kd7DvEcw=s48-c-k-c0x00ffffff-no-rj,https://www.youtube.com/watch?v=FHsIus9tAHM
UgxwL1fZTJHdDdcdZJx4AaABAg,Thread,,@かなしいプラスチック,2024-03-01T01:04:55Z,94,すげー詳しいとこまでわかりやすく教えてくれて面白い。YouTubeこういうチャンネルがたまに見つかるからたまらんなぁ。,https://yt3.ggpht.com/H4rds1D8QH4G1DKuLuy9P6FSlX6GKmzz2zX2FFLEW-FY-cbBCrsmyTUJ9x6QHcdtc29kYJJC=s48-c-k-c0x00ffffff-no-rj,https://www.youtube.com/watch?v=FHsIus9tAHM
UgxwL1fZTJHdDdcdZJx4AaABAg.A0QTTswQlY4A4NXimumCHz,Reply,UgxwL1fZTJHdDdcdZJx4AaABAg,@番田那珂たまさん,2024-06-07T07:49:54Z,7,"ほんとにそう思います
最後までめっちゃ魅ましたw",https://yt3.ggpht.com/akMTYGUrgX1disAA4OLxAUtdzPCVajeOM9OZJJwEE5TTxTr7kYumQJ1n1dgyM-NGC9AXCMFU=s48-c-k-c0x00ffffff-no-rj,https://www.youtube.com/watch?v=FHsIus9tAHM
UgxwL1fZTJHdDdcdZJx4AaABAg.A0QTTswQlY4ADrhGO0ItsS,Reply,UgxwL1fZTJHdDdcdZJx4AaABAg,@tail6419,2025-01-29T03:01:00Z,3,同感です,https://yt3.ggpht.com/ytc/AIdro_l0wuISnAHkTw4gHf3BtD47aDcTcBImi5gr4FkhYVYGmw=s48-c-k-c0x00ffffff-no-rj,https://www.youtube.com/watch?v=FHsIus9tAHM
UgxlJps4nq1ZfSKSeJl4AaABAg,Thread,,@wダブル-t2x,2024-02-07T18:26:24Z,541,薄口醤油と濃口醤油の薄い濃いは色であって、塩分濃度は薄口醤油の方が高い,https://yt3.ggpht.com/ytc/AIdro_lbCGqmKmjtXXfEMscgbvSvxYjc56k58lWCmbAsy8Q=s48-c-k-c0x00ffffff-no-rj,https://www.youtube.com/watch?v=FHsIus9tAHM
UgxlJps4nq1ZfSKSeJl4AaABAg.A-X6NhXwUquA1-evPJGdR5,Reply,UgxlJps4nq1ZfSKSeJl4AaABAg,@pengpeng4873,2024-03-15T11:45:35Z,44,ユーチューブばっか見てないで早く寝なさい,https://yt3.ggpht.com/ytc/AIdro_m6Vpuqwsqkzn-g0-P3pJBdO0W-OQguEvQM_9U5R7vkOFZK=s48-c-k-c0x00ffffff-no-rj,https://www.youtube.com/watch?v=FHsIus9tAHM
UgxlJps4nq1ZfSKSeJl4AaABAg.A-X6NhXwUquA1-v1bj9QQX,Reply,UgxlJps4nq1ZfSKSeJl4AaABAg,@娘ちゃんねる抹茶味z,2024-03-15T14:06:22Z,90,それで『関西の方が塩辛い！』とか言う人いますけど、使う量が段違いですので関東の方がめっちゃ塩辛いんですよね,https://yt3.ggpht.com/RJRwROoFNlsRUXkmGYPCTIVsuqx7Mw_Son1vaonitPo8illBn2cD3sDwtaGIaQx1ckNC5l-U=s48-c-k-c0x00ffffff-no-rj,https://www.youtube.com/watch?v=FHsIus9tAHM
UgxlJps4nq1ZfSKSeJl4AaABAg.A-X6NhXwUquA19KvfAJSGL,Reply,UgxlJps4nq1ZfSKSeJl4AaABAg,@wダブル-t2x,2024-03-19T05:54:31Z,38,"@娘ちゃんねる抹茶味z 関西でも濃口醤油は使うよ？関西では主に料理に使用するのは素材の色を黒くしないでしっかり味をつける薄口醤油を使い、その他出汁、みりん、酒で味を整える。
これは関西の料理は京料理に影響を受けて見た目の美しさにもこだわるから。
対して、関東はしっかり色がついていることで味がついていると認識する。醤油以外の調味料は高級品で使用できない。料理の美しさは考えていない下方の文化。なのもあるんじゃないかな。
関西では、料理を食べるときに使用する醤油は濃口醤油だよ。",https://yt3.ggpht.com/ytc/AIdro_lbCGqmKmjtXXfEMscgbvSvxYjc56k58lWCmbAsy8Q=s48-c-k-c0x00ffffff-no-rj,https://www.youtube.com/watch?v=FHsIus9tAHM
UgxlJps4nq1ZfSKSeJl4AaABAg.A-X6NhXwUquA1BSW11dfFn,Reply,UgxlJps4nq1ZfSKSeJl4AaABAg,@ヘケ太郎-h7q,2024-03-20T01:39:16Z,20,@wダブル-t2x京都の人みたいで面白い🤣,https://yt3.ggpht.com/aflAUqtgOFvA7-N8kGkx-RKHrmvE9-wl3A_WrQEHVv3laf04gQ7JHFqDqiouFY907GhxBjOrCA=s48-c-k-c0x00ffffff-no-rj,https://www.youtube.com/watch?v=FHsIus9tAHM
UgxlJps4nq1ZfSKSeJl4AaABAg.A-X6NhXwUquA1C3qpzqSVf,Reply,UgxlJps4nq1ZfSKSeJl4AaABAg,@Sharp_k,2024-03-20T07:23:02Z,34,⁠@ヘケ太郎-h7qこんなTheみたいな京都民は極めて稀。京都ゴリ押しするのは変な印象つくからマジでやめて欲しい所です……,https://yt3.ggpht.com/9uv29MJQS8oRL65tRZOatQ_VKd-KPOzBUsTkv345X1PoTfHUcgVnjZ9fvJUdgHDGJH5IBd4IVA=s48-c-k-c0x00ffffff-no-rj,https://www.youtube.com/watch?v=FHsIus9tAHM
UgzdBs09GyTKZdX7dRp4AaABAg,Thread,,@gzunda55,2024-02-11T07:44:19Z,200,"座頭市(勝新太郎さん)の食事の
シーンはすべてのシリーズで
ものすごいガチ食いを見せて
くれるので大好きです。",https://yt3.ggpht.com/ytc/AIdro_kdWp1kVbaj-jLnuhMdlXfWD9GVSAGvzrDcgSxG32o=s48-c-k-c0x00ffffff-no-rj,https://www.youtube.com/watch?v=FHsIus9tAHM
UgzdBs09GyTKZdX7dRp4AaABAg.A-fG4RnG2tXA0tvcP41sMD,Reply,UgzdBs09GyTKZdX7dRp4AaABAg,@wakuhonchan,2024-03-12T20:56:51Z,32,自分は木枯し紋次郎の一気に掻っ込む食事スタイルも好きでした(笑),https://yt3.ggpht.com/ytc/AIdro_mGR6p8ucX96N69mdLvL9ybA6Ako00rdzs1_qWVoPY=s48-c-k-c0x00ffffff-no-rj,https://www.youtube.com/watch?v=FHsIus9tAHM
UgzdBs09GyTKZdX7dRp4AaABAg.A-fG4RnG2tXA1l4FsrAzSp,Reply,UgzdBs09GyTKZdX7dRp4AaABAg,@西村ひろゆきのヒゲ,2024-04-03T06:59:15Z,4,英語字幕付きの座頭市の動画で海外の女性が「日本人男はクチャクチャ音をたてて食べるので気持ちが悪い」ってコメントしてて絶望した。顔が悪くて背が低いともよく言われて差別を受けているけれど。。。こういうところも私達日本人男性が世界一モテない理由なんですよね。。。悲しいです。,https://yt3.ggpht.com/ytc/AIdro_m1GNDtSjU2s2KYSjN3BtfHOS7bds0bFnXtyCa9yfedsGs=s48-c-k-c0x00ffffff-no-rj,https://www.youtube.com/watch?v=FHsIus9tAHM
UgzdBs09GyTKZdX7dRp4AaABAg.A-fG4RnG2tXA1vjtaikMYr,Reply,UgzdBs09GyTKZdX7dRp4AaABAg,@r-lim7914,2024-04-07T10:24:13Z,0,​@西村ひろゆきのヒゲコンプレックスの塊で草,https://yt3.ggpht.com/ytc/AIdro_lXaSqRqaa1RbicgW7q5mcKPssowUdHhoLAlw06YKnA0g=s48-c-k-c0x00ffffff-no-rj,https://www.youtube.com/watch?v=FHsIus9tAHM
UgzdBs09GyTKZdX7dRp4AaABAg.A-fG4RnG2tXA4j_LyetFAq,Reply,UgzdBs09GyTKZdX7dRp4AaABAg,@spikef7602,2024-06-16T06:35:24Z,0,"@西村ひろゆきのヒゲ お前ら鮫肌で臭いんだよくらい言い返せ。
悲しいです。なんて男がモテるかよ（笑）",https://yt3.ggpht.com/ytc/AIdro_lrP5DlS5D4QsXFlv1snBz0580YeeuK3XoyuLLdDtU=s48-c-k-c0x00ffffff-no-rj,https://www.youtube.com/watch?v=FHsIus9tAHM
UgzdBs09GyTKZdX7dRp4AaABAg.A-fG4RnG2tXA6D4lkmq_CI,Reply,UgzdBs09GyTKZdX7dRp4AaABAg,@淳浅野-w5h,2024-07-22T23:27:17Z,0,​@西村ひろゆきのヒゲよく研究してるな……目が見えないと茶碗に飯粒が残るのが気になるので顔を左右に振る｡,https://yt3.ggpht.com/ytc/AIdro_nxVsg2YYziQ9V-yCVAEH_nxaFMNy2IQL09WwXX0TsTNrq88oE=s48-c-k-c0x00ffffff-no-rj,https://www.youtube.com/watch?v=FHsIus9tAHM
Ugwt8kevJRyL0pfa7wN4AaABAg,Thread,,@イフェメラ,2024-11-07T09:58:15Z,14,ちなみに最安価な灯油は菜種じゃなく魚油(ニシンとか)でした。猫が行灯の油を舐めるってのはそれから来てて,https://yt3.ggpht.com/056Dm1SyyY0X-h3xxB9iOR2tIb1uFIWn1yBXOpoKy5VkKzD-YYVKcFJK_dFeCxjVRnpFIVJE7g=s48-c-k-c0x00ffffff-no-rj,https://www.youtube.com/watch?v=FHsIus9tAHM
UgziklbViEfDelNHwXR4AaABAg,Thread,,@北西祐介,2024-01-31T23:33:38Z,47,時代劇を見ていても、食事のシーンは興味深く見ています。食の歴史で語られる日本史は現代にも引き継がれ、今では和食がユネスコの無形文化財にもなっているので誇らしい限りです。,https://yt3.ggpht.com/ytc/AIdro_laHfIEKXOU9ts2WY2JqG0ocbMAJ7JL0iK34uivLXE=s48-c-k-c0x00ffffff-no-rj,https://www.youtube.com/watch?v=FHsIus9tAHM
UgziklbViEfDelNHwXR4AaABAg.A-FcytgC0i-A1mariJn8cA,Reply,UgziklbViEfDelNHwXR4AaABAg,@wakuhonchan,2024-04-03T21:12:09Z,2,時代劇でテーブル席で食べてるシーンがありますが当時のお店でテーブル席というのはなかったようですねw,https://yt3.ggpht.com/ytc/AIdro_mGR6p8ucX96N69mdLvL9ybA6Ako00rdzs1_qWVoPY=s48-c-k-c0x00ffffff-no-rj,https://www.youtube.com/watch?v=FHsIus9tAHM
UgwZmKgkYKcE7gen5Cp4AaABAg,Thread,,@user-id1ni6tb9i,2024-01-17T10:54:10Z,37,めっちゃ面白かった〜,https://yt3.ggpht.com/ytc/AIdro_nNTQkIQvehdlushrbIFZIy2taBLmHSurr781ykm3g=s48-c-k-c0x00ffffff-no-rj,https://www.youtube.com/watch?v=FHsIus9tAHM
UgxUQl4m5nc1Lm8y1kl4AaABAg,Thread,,@玲早乙女,2025-02-27T07:38:24Z,4,これ見てると質素な食事が凄く美味しそうに見える,https://yt3.ggpht.com/-7W44eVLfhTq0LQmzrADTOWHJtVkmUz59Xrl_WRmNtzAPhNmnxAnQaTQgP5lNjAaYNZmuy3L=s48-c-k-c0x00ffffff-no-rj,https://www.youtube.com/watch?v=FHsIus9tAHM
Ugw2pnandfS79dc_pK54AaABAg,Thread,,@NextGenerationPrimeminister,2024-01-18T14:39:23Z,169,自分達もこういった豊かで活気のある時代の人たちの遠い子孫なんだよね…。そしてその食文化は今も受け継がれているのがとても感慨深くて、日本人としての誇りをものすごく感じる。,https://yt3.ggpht.com/ytc/AIdro_lDbPA3AdsJo_ytTd2kUyLKeBbBuSv5LgPV6jRJpxlqT_FbErQ=s48-c-k-c0x00ffffff-no-rj,https://www.youtube.com/watch?v=FHsIus9tAHM
Ugw2pnandfS79dc_pK54AaABAg.9ziCVZc3I4WA-_J_3-j3-4,Reply,Ugw2pnandfS79dc_pK54AaABAg,@hajime-nojima,2024-02-09T00:19:24Z,24,"江戸時代の江戸を見て日本を知った気になると見誤りますよ。
華やかな文化や食、豪商などは京や大坂の上方に集中していて、コメ偏重の極端な重農主義で飢饉を何度も起こし文化に理解の無かった幕府の御膝元なんかより、密貿易している地方の雄藩の領民などの方が余程豊かな文化を持っていました。
日本食に宮廷料理が無かったり、ルーブルやオルセーのような高度な芸術もないのは、江戸というみすぼらしい長期停滞の影響であり、決して誇れるようなものではありません。",https://yt3.ggpht.com/ytc/AIdro_mJ7sYYeedX8Kl8avEYAwGZbQg1cLGfin2apmeAOBs-2Q=s48-c-k-c0x00ffffff-no-rj,https://www.youtube.com/watch?v=FHsIus9tAHM
Ugw2pnandfS79dc_pK54AaABAg.9ziCVZc3I4WA-y46Nld9jV,Reply,Ugw2pnandfS79dc_pK54AaABAg,@pengtang9458,2024-02-18T15:05:17Z,8,@hajime-nojima作为一个中国人 很好奇这么一点食物能吃饱吗？一碗饭 2个小鱼 一碗汤 一点油都没有 这么低的热量人会有力气吗？,https://yt3.ggpht.com/ytc/AIdro_lU3hPQJmHaeYavudTu3DCCfoQeSHVWfaktHGH8c9YoRYSWG53Wn9Ulm2GaLMldH6Gydg=s48-c-k-c0x00ffffff-no-rj,https://www.youtube.com/watch?v=FHsIus9tAHM
Ugw2pnandfS79dc_pK54AaABAg.9ziCVZc3I4WA0Oif1m-fOi,Reply,Ugw2pnandfS79dc_pK54AaABAg,@ばくはつぶつ,2024-02-29T08:47:55Z,9,@hajime-nojima 確かに江戸って定常経済だよなぁ,https://yt3.ggpht.com/ScfWA_-Lp01KXRlIF3PbjTcnatvEU_4oYeF7bT1nPdF1AyA9y-k_x40YuOi3tnO6ig0F6ExgTA=s48-c-k-c0x00ffffff-no-rj,https://www.youtube.com/watch?v=FHsIus9tAHM
Ugw2pnandfS79dc_pK54AaABAg.9ziCVZc3I4WAG0XUc1dtDH,Reply,Ugw2pnandfS79dc_pK54AaABAg,@nomi254,2025-03-23T15:42:02Z,0,"​@hajime-nojima
あなたの考察通りです",https://yt3.ggpht.com/ytc/AIdro_k6oiqAAT5p16BsOhLs3MtPt2C-pFCj-Z4wrEwAxtc=s48-c-k-c0x00ffffff-no-rj,https://www.youtube.com/watch?v=FHsIus9tAHM
UgwUl70qrTMypEUpJ9V4AaABAg,Thread,,@cs.630,2024-03-30T11:59:40Z,9,"江戸時代いろいろ不便だろうけど、宵越しの金を持たなくても生きられるメンタリティをもてるのが羨ましい。
仕事も今見たくごちゃごちゃ書類的なものとか決まりとかうるさくなさそうだし。",https://yt3.ggpht.com/sdEt1sbXALF-TnTaIwf4iCWFGnaNE0Wu8tJfOzxV9D79CM_z9egUdDAWHypa_SHbaHpAEhn_wA=s48-c-k-c0x00ffffff-no-rj,https://www.youtube.com/watch?v=FHsIus9tAHM
UgxsZgjscqsV8SqjHN94AaABAg,Thread,,@ああ-u8y6f,2024-03-22T07:41:57Z,3,こう見ると現代人は本当に恵まれてるな,https://yt3.ggpht.com/ytc/AIdro_mrKlZEicKy987b0akOjPpBrXdQlmwUne-zhb1_fUE=s48-c-k-c0x00ffffff-no-rj,https://www.youtube.com/watch?v=FHsIus9tAHM
Ugx35ELTMvUov8hFMYR4AaABAg,Thread,,@latte_e_miele,2024-02-04T13:50:22Z,22,とても面白くて、また聞きやすい声でした。ありがとうございます。😂🎉,https://yt3.ggpht.com/ytc/AIdro_n3AexbIABbMKlogUR0dPQIElzbRy40MFOmAi6C0boN4j398k0=s48-c-k-c0x00ffffff-no-rj,https://www.youtube.com/watch?v=FHsIus9tAHM
UgwvseVajNYDblxsm5B4AaABAg,Thread,,@茶漬凶太郎Chadukdetoro,2024-02-23T04:32:48Z,7,19:00 「そう酒です」いい言葉じゃないか,https://yt3.ggpht.com/pED2TXaOxUjVU5snmg9VHK12T4xZS-636x4DGfV8k58r5jGf_uOEBjAzb6H1IY85CVmgfnVJ=s48-c-k-c0x00ffffff-no-rj,https://www.youtube.com/watch?v=FHsIus9tAHM
UgzsA_-9_9d8utHajn94AaABAg,Thread,,@TairaMasakado,2024-01-17T23:36:27Z,101,"塩分濃度としては、、、
　　濃口よりも薄口のほうが高い　です。",https://yt3.ggpht.com/ytc/AIdro_lPjNraKl2_4-utPCc_UDORQdXrTGEsQ9sX1ZHW6YJ0qQ8=s48-c-k-c0x00ffffff-no-rj,https://www.youtube.com/watch?v=FHsIus9tAHM
UgzsA_-9_9d8utHajn94AaABAg.9zgaAEH3F0aA0KBiqhtKb8,Reply,UgzsA_-9_9d8utHajn94AaABAg,@syuutaso,2024-02-27T14:34:23Z,34,食に携わったものとして（元日本料理厨房勤務）この辺の間違った認識は、食を語る上では正さないといけないと、私も思います。,https://yt3.ggpht.com/ytc/AIdro_k8RDbPEQd6IY7er001Ml6cEQVw5AWkr8M7EYX96eXqBIM=s48-c-k-c0x00ffffff-no-rj,https://www.youtube.com/watch?v=FHsIus9tAHM
UgzsA_-9_9d8utHajn94AaABAg.9zgaAEH3F0aABkN-cvlCUY,Reply,UgzsA_-9_9d8utHajn94AaABAg,@Mk75418,2024-12-07T13:37:45Z,0,京や逢坂の料理は濃い色付けを嫌うため発酵を抑えて色を薄くし、代わりに添加物（塩・酒・穀物蛋白・水あめなど）を加えていた。物によるが２％程塩分濃度が高いものの他の添加物の為塩味を感じにくい。字も元々「薄口」ではなく「淡口」が正しかった。濃口醤油の方が香り・旨味とも上であるが物は考えようで例えば素材の旨味を引き出すには淡口醤油の方が適している。,https://yt3.ggpht.com/gn7z7UDsab67BymlDnP4p9FT2FlpIaYzJ3IIvSyZagobBoQAScfBR7olASxuuYPBTqyd6xHy7w=s48-c-k-c0x00ffffff-no-rj,https://www.youtube.com/watch?v=FHsIus9tAHM
UgzsA_-9_9d8utHajn94AaABAg.9zgaAEH3F0aABxiP52wABQ,Reply,UgzsA_-9_9d8utHajn94AaABAg,@qulmy,2024-12-12T18:03:35Z,0,それは江戸時代もなのかい？,https://yt3.ggpht.com/ytc/AIdro_msvOAs6Y5TlP5-jQBHxUpZ3TNPZ1L-VXk_TKo5Uzs2Ng=s48-c-k-c0x00ffffff-no-rj,https://www.youtube.com/watch?v=FHsIus9tAHM
UgzsA_-9_9d8utHajn94AaABAg.9zgaAEH3F0aABygFRXT2L3,Reply,UgzsA_-9_9d8utHajn94AaABAg,@Mk75418,2024-12-13T03:04:02Z,0,"@qulmy 様
淡口醤油は17世紀半ば、現在の兵庫県たつの市で生まれたとされ、京へ本格出荷されるのに1世紀ほどかかりました。当時の醤油は「濃口」のみだったのです。低温でゆっくりと熟成させ、最初の「添加物」は米を麹で「糖化」（酵母によるアルコール発酵前、副産物として蛋白質を代謝したアミノ酸が旨味を増す）したものでした。徳川家綱（四代将軍）～綱吉（五代将軍）の時期です。",https://yt3.ggpht.com/gn7z7UDsab67BymlDnP4p9FT2FlpIaYzJ3IIvSyZagobBoQAScfBR7olASxuuYPBTqyd6xHy7w=s48-c-k-c0x00ffffff-no-rj,https://www.youtube.com/watch?v=FHsIus9tAHM
UgxSfFWWxpfSxIdOkaB4AaABAg,Thread,,@ひろくんい,2024-03-10T10:02:45Z,7,見た目は塩分が濃く見える濃い口醤油の関東風だが、実際は薄口醤油を使った関西風の方が塩分濃度が高い。,https://yt3.ggpht.com/ytc/AIdro_lwd0U9tC5E3DnJuhb9iLFJSfP1SXWh4aI5gsdKy4Q=s48-c-k-c0x00ffffff-no-rj,https://www.youtube.com/watch?v=FHsIus9tAHM
UgwVGvsOWUcz0pLjnml4AaABAg,Thread,,@asoreron,2024-02-23T11:09:52Z,12,古い時代劇のメシってめちゃめちゃ旨そうにみえるよね,https://yt3.ggpht.com/ytc/AIdro_lN-1BzOUW7rjyxAjJzDkRhcIkYV9JVq0MEDX2G0d8=s48-c-k-c0x00ffffff-no-rj,https://www.youtube.com/watch?v=FHsIus9tAHM
UgwVGvsOWUcz0pLjnml4AaABAg.A09X8U-b7Y2A37VAhtn3lO,Reply,UgwVGvsOWUcz0pLjnml4AaABAg,@seikiryuu815,2024-05-07T05:48:24Z,1,あと、日本昔話の大盛りご飯も美味しそうに見える,https://yt3.ggpht.com/ytc/AIdro_mLo8IygzKRNn0F5HrSQR9eQ_bUYDkkHVRc2OgDOxY=s48-c-k-c0x00ffffff-no-rj,https://www.youtube.com/watch?v=FHsIus9tAHM
Ugz5q767QFVkqVIt8bl4AaABAg,Thread,,@shinichi.5.14,2024-03-23T06:17:24Z,6,昭和に入れば金魚え〜金魚ォ〜の掛け声の金魚売りに風鈴売りもいたし、自転車に乗ったラッパを吹いた豆腐売りも近所に来ていたね☺️リヤカーを引いた石しぃ〜焼ぁきぃ芋ォ〜も売りに来たら買っていたよwww（笑）もう全てなくなったw,https://yt3.ggpht.com/LqBgYvn2g-fSgH7NTYTQhdzu516ghp_lvaZqHj1fJORX2kr1rMQzzw_isk8JgGxAS24hfMlMCg=s48-c-k-c0x00ffffff-no-rj,https://www.youtube.com/watch?v=FHsIus9tAHM
UgwTeUAOXoeqr0nyS754AaABAg,Thread,,@マツゴロウケイスケ,2024-01-21T11:14:43Z,47,物凄く解りやすい説明で観てしまいました。グッドボタン👍✨,https://yt3.ggpht.com/ytc/AIdro_lAEW65wGKpljTdki6L4ZnFBkvfr-egcUoz8PGxZP0=s48-c-k-c0x00ffffff-no-rj,https://www.youtube.com/watch?v=FHsIus9tAHM
UgwHr3Ee3SKOpG2udtZ4AaABAg,Thread,,@ウルシー,2024-02-29T12:05:54Z,82,"玄米に雑穀を入れたご飯は本当においしくはないですが、栄養満点で歯応えもあって消化も穏やかです。
糖質過多の現代人にはもってこいの主食です。",https://yt3.ggpht.com/ytc/AIdro_muskZhxRBalaATcMSfMSjqFHWjITvm8O-dJY7jn0U-c6A=s48-c-k-c0x00ffffff-no-rj,https://www.youtube.com/watch?v=FHsIus9tAHM
Ugx_UKIGlOX8-CXFhcp4AaABAg,Thread,,@1919masami,2024-02-25T11:43:57Z,21,関西の薄口醤油は見た目こそ薄いが、その塩分は関東の濃口醤油より多い事は周知の事実,https://yt3.ggpht.com/ytc/AIdro_nHYwStMmSCyZrMa8wB6QAXyUeqEN7f6oxE16Qz22dZfqc=s48-c-k-c0x00ffffff-no-rj,https://www.youtube.com/watch?v=FHsIus9tAHM
UgwjgGzQLS178o7t9EZ4AaABAg,Thread,,@夢見るおじさん-d4o,2024-02-04T14:16:44Z,7,"鍛冶屋のおじさんは
黒いシャツなど着てると
帰宅時にはシャツ
が汗の塩分で真っ白になる😂",https://yt3.ggpht.com/_vZ9nuBfyUBQP7IeOAZOdbQa_hPwebzcLRML8jPQ3Ktq7vv7P4WQsH6f1HXNFP2Os_zXz8ygmg=s48-c-k-c0x00ffffff-no-rj,https://www.youtube.com/watch?v=FHsIus9tAHM
Ugyontuu_a8hD1WukRR4AaABAg,Thread,,@user-ru5ww5ww5y,2025-03-17T20:57:59Z,2,座頭市  リアルタイムで拝見していました   今 思うと  ラッキーでしたね,https://yt3.ggpht.com/lCC7u4kQdOWfzAfeo5P4WDZNrje65f8zcbUijGmtNhObaQO9H7Y2jkhoaK95f7bgb3SFSbF0yko=s48-c-k-c0x00ffffff-no-rj,https://www.youtube.com/watch?v=FHsIus9tAHM
Ugzkiqurm4y3nH0A79h4AaABAg,Thread,,@わたくし生まれも育ちも,2024-01-23T09:42:24Z,35,"江戸時代は支配者層の文化じゃなくて庶民(町人)文化が花開いた平和な時代だったんだって理解出来るよね。
だからこそ江戸時代に凄く惹かれる。",https://yt3.ggpht.com/zz07jPUWM8AvKMDm2vKnwk4nllX6Uls9OG0hKI4UH5eDzNfHq7W_fFutu-gYFRqy6-qoNgpEvg=s48-c-k-c0x00ffffff-no-rj,https://www.youtube.com/watch?v=FHsIus9tAHM
Ugzkiqurm4y3nH0A79h4AaABAg.9zuYUlAOsWQA1YeS9R4kJT,Reply,Ugzkiqurm4y3nH0A79h4AaABAg,@pentagram16,2024-03-29T01:54:52Z,0,"江戸時代じゃなく、江戸な。
江戸時代の大飢饉では不作でも収穫は取れていたのに領民は餓死した。
収穫された米は、どこに回送されたかというと行き先は江戸や大阪だ。
収穫した米を大消費地の江戸・大阪に送って現金に換え、その金で江戸屋敷の生活を維持し、商人への借金を払っていた。
例えば仙台藩の実生産高は100万石を超えていたらしいが、その台所事情は幕府への手伝普請などの負担で莫大な借金をかかえた。
そのため、取れた米の多くは江戸に運び、換金し借金を返すしかなかった。
領民の3人に1人が餓死したといわれる弘前藩だが、その同じ年に江戸に40万俵の米を売っていたのもそういう理由による。
諸大名を参勤交代と手伝普請などで疲弊させて、徳川家の将軍様のいる江戸に米を集めるよく出来たシステムを作り上げた。",https://yt3.ggpht.com/ytc/AIdro_nbWV-UwbLfTmCMvs1MzI0L6w_4MJUK5FBc8W_61MnMsw=s48-c-k-c0x00ffffff-no-rj,https://www.youtube.com/watch?v=FHsIus9tAHM
UgyHuntPFXWzjNIaEUF4AaABAg,Thread,,@くるまとらじろう-c9o,2024-01-17T12:23:38Z,55,"時代小説と料理道具に興味のある方は
かっぱ橋道具街の並びにある台東区の中央図書館内に
池波正太郎記念文庫って素晴らしい展示施設があるので
訪れる価値がありますよ",https://yt3.ggpht.com/ytc/AIdro_k9altJWZ-Qy5Umtb5UtI4m1UMXTUemmksjCqYc=s48-c-k-c0x00ffffff-no-rj,https://www.youtube.com/watch?v=FHsIus9tAHM
Ugzd7-KBDuS0-U6hnfZ4AaABAg,Thread,,@tail6419,2025-01-29T03:00:29Z,4,すばらしい内容に感動しました　また鬼平犯科帳を読んでみたくなりました　ありがとうございました😊,https://yt3.ggpht.com/ytc/AIdro_l0wuISnAHkTw4gHf3BtD47aDcTcBImi5gr4FkhYVYGmw=s48-c-k-c0x00ffffff-no-rj,https://www.youtube.com/watch?v=FHsIus9tAHM
Ugy3aB-ylL_W44agb9Z4AaABAg,Thread,,@emustan2008,2024-02-10T08:23:45Z,11,とても参考になりました。食事が質素で良いことと、よく働く（体を動かす）ことの大切さを学びました。,https://yt3.ggpht.com/ytc/AIdro_n5RPFj3vJ2BKhoodUHZQFD8xHm2Y2mARlYkXnonFo=s48-c-k-c0x00ffffff-no-rj,https://www.youtube.com/watch?v=FHsIus9tAHM
Ugx6x1l8BWfFz11sDYl4AaABAg,Thread,,@ゴーストrr,2024-03-15T18:32:17Z,1,この回なんでかわからんけど死ぬほど好きでもう何回見たかわからない,https://yt3.ggpht.com/b2FyiOYJV1pNJtscRiVQrubOPil9Yxu35J2CoXOfHfhGB4pbl50R95PtQntZ9bOOcsCxxgd4=s48-c-k-c0x00ffffff-no-rj,https://www.youtube.com/watch?v=FHsIus9tAHM
UgwCEN95K0ZJ5sMIbCB4AaABAg,Thread,,@Testrone-English-lw9ur,2024-03-03T02:17:09Z,3,おもしろくて全部観てしまった。クオリティもそこらの博物館の解説映像より高かった。,https://yt3.ggpht.com/ytc/AIdro_lobEygh6O_Bjl7h7mr4MTRESHAyLTBfmIrqCBX7xUBostd5FaRyhFqYGRxUGQnwchWjQ=s48-c-k-c0x00ffffff-no-rj,https://www.youtube.com/watch?v=FHsIus9tAHM
UgyMYZ2fB35Jf8v7Jbt4AaABAg,Thread,,@katsuhiroookubo630,2024-01-20T07:25:48Z,7,"歴史考証が確りした良い動画だと思います。勉強になります。ところで11:47で出てくる天ぷら屋の親父は道場六三郎さんですか？？
ピッタリの役柄、更に全く違和感がない演技だと感心しました。",https://yt3.ggpht.com/ytc/AIdro_lstB3YH641mvD7c0F5CsIK1VohS5sGjDHznzqAxeFzDrKoh35mwiEQPb1tQwNdxYWaWA=s48-c-k-c0x00ffffff-no-rj,https://www.youtube.com/watch?v=FHsIus9tAHM
Ugzzj6Ba2uEHvopyClZ4AaABAg,Thread,,@江戸親鸞,2024-01-21T10:12:13Z,8,座頭市の食事シーン最高‼️,https://yt3.ggpht.com/AxkcdU-QFMaH9dck7ILBmrjzwVuN7-Jp8CyAHNaIZxWSY8DSvC44FswSAe84Jav0p8SNcMaK=s48-c-k-c0x00ffffff-no-rj,https://www.youtube.com/watch?v=FHsIus9tAHM
Ugy3Aubjd-6HZ8JeRYh4AaABAg,Thread,,@myunomura1461,2024-02-29T08:07:46Z,1,「常に豆腐がキープされていました」パワーワード😊,https://yt3.ggpht.com/ytc/AIdro_k7LzkWgeAunLIvIf8VYAfRXtrPp1TyXU4Im2N8aEk=s48-c-k-c0x00ffffff-no-rj,https://www.youtube.com/watch?v=FHsIus9tAHM
UgyDGM6-DeoW2p6D9-V4AaABAg,Thread,,@玄月ヨッシー,2024-02-05T05:53:45Z,11,"上手にまとめられています。感心しました。
寿司文化と海苔の文化も関東ならではと思います。
浅草川河口で作られていた浅草海苔は、江戸中期からの
お寿司の普及に役立ったと思いますね",https://yt3.ggpht.com/ytc/AIdro_lM69-Kr2cmUdFtjxF2uYMaLeblZVPq1yb4OnUZjaM=s48-c-k-c0x00ffffff-no-rj,https://www.youtube.com/watch?v=FHsIus9tAHM
UgwUcv9JRboq6Q7ErvZ4AaABAg,Thread,,@bossboss-kz6uz,2025-10-09T02:49:01Z,0,勉強になりました👍,https://yt3.ggpht.com/dK35q7KlFp3qd4_sD06wkhW34sVcpvdEVJ1GQPar7Ewc_LElLerNUYqn_98Pb-bqyA6xcYZts18=s48-c-k-c0x00ffffff-no-rj,https://www.youtube.com/watch?v=FHsIus9tAHM
UgyAPs5HbDcWhtHMemV4AaABAg,Thread,,@長谷豊,2024-01-18T03:48:08Z,7,勉強になりました🤗,https://yt3.ggpht.com/ytc/AIdro_mhYbM9MJT4UzJHDpi2BK_KmZHmuAwDtfJH_VnO1RY=s48-c-k-c0x00ffffff-no-rj,https://www.youtube.com/watch?v=FHsIus9tAHM
UgxGeY82wdVpRwFtXiB4AaABAg,Thread,,@サトケン-x9h,2024-01-21T15:00:00Z,12,あと江戸内で必ずでる糞尿は江戸を取り囲む農家にとっては貴重な肥料で例えば長屋の便所の糞尿の権利は大家が持ってて定期的に農家が汲みに来てその量に応じて大家には野菜が代金代わりに届けられてました、汲み取った糞尿を持ち帰り発酵させてから肥料として畑にまいて野菜を作り江戸で売り糞尿とのサイクルがある程度出来てましたね。,https://yt3.ggpht.com/ytc/AIdro_nrwNgqr2FyEziXQdhO3_pJJA_uhvKf3d1XbI61hJY=s48-c-k-c0x00ffffff-no-rj,https://www.youtube.com/watch?v=FHsIus9tAHM
UgxGeY82wdVpRwFtXiB4AaABAg.9zpyFB5rqMVA-4kLwmxXD9,Reply,UgxGeY82wdVpRwFtXiB4AaABAg,@Fujitani,2024-01-27T18:06:27Z,2,「江戸前寿司」というほど東京湾が良い漁場になっていたのは江戸の町から出る屎尿による富栄養化が要因だったとも言われていますね。西洋からは野蛮だと言われる屎尿の堆肥ですが、糞尿を窓から道端に捨ててた欧州の方が余程不衛生ですし、現にコレラやペストが蔓延する原因になってましたからね。,https://yt3.ggpht.com/VNmodZBWDevi92AA_n0gEA7Ar7ll1kLqXDoouWhrqBk1tbKyL8zljB3oZ5i-yL9pzbKxcE4J4Q=s48-c-k-c0x00ffffff-no-rj,https://www.youtube.com/watch?v=FHsIus9tAHM
Ugz9mcVEzBVGoWJUYil4AaABAg,Thread,,@Fishmans7BSM,2024-09-15T09:55:16Z,4,"日本歴史と日本語を勉強中です！
ありがとうございます！勉強になりました!",https://yt3.ggpht.com/aSyqadA27bYxSqjTupwmflv2znSpGtOMNdBbQvRVoqM9r9UB29suKI5lM9R3SSK7_Sr4p-bPaw=s48-c-k-c0x00ffffff-no-rj,https://www.youtube.com/watch?v=FHsIus9tAHM
UgxglwxtZsp4LyX4iBd4AaABAg,Thread,,@おのぶ-x2q,2025-07-12T12:02:33Z,0,ためになり、楽しかったです。,https://yt3.ggpht.com/WHoQ8njonCL8Z6HJpmN3LeU7G0KlslTVppPGaBPMhXV81RfNbGBZWsRm8oOLkQLN0W2uZkxozA=s48-c-k-c0x00ffffff-no-rj,https://www.youtube.com/watch?v=FHsIus9tAHM
Ugwx_dEydgBHrXF-6ot4AaABAg,Thread,,@なべヤカン-l7t,2024-09-09T11:12:31Z,1,色んな江戸のなんちゃらとかの動画を見てきたけど、要点はちゃんとまとめられてて飽きない、痒いところに手が届く素晴らしい動画,https://yt3.ggpht.com/ytc/AIdro_lJYJqvDQ_A4gndvlbbTJGwDSgNka2LPB4S0ke7SY8=s48-c-k-c0x00ffffff-no-rj,https://www.youtube.com/watch?v=FHsIus9tAHM
Ugwr6WKJLwpyr1mACXV4AaABAg,Thread,,@黒葉-o2o,2024-12-10T04:28:23Z,0,かつて下賎な食べ物だったものが時代を経て洗練されていくのが食の面白いところ。,https://yt3.ggpht.com/ytc/AIdro_kSrEQTyydIXFKeLPQvmU7xz74zREij9Oxs3KCDMn0uMsM=s48-c-k-c0x00ffffff-no-rj,https://www.youtube.com/watch?v=FHsIus9tAHM
UgxyNLmiYBIHl6PGxnF4AaABAg,Thread,,@hinomotomatsuri,2024-04-29T06:45:37Z,4,"食文化からその時代の世情を伺うことが出来て面白いですね。
とてもわかりやすく最後まで見てしまいました🙂",https://yt3.ggpht.com/zSK1gXaY9jO9ligNPh2utCbWrE4yzD5IvO1CJ7pgk66xjBlCMPRC8Nw68OIhUM5MY9wIlkkGAw=s48-c-k-c0x00ffffff-no-rj,https://www.youtube.com/watch?v=FHsIus9tAHM
UgwZ8KSPbvIO1KWtisR4AaABAg,Thread,,@enuringo,2024-04-05T15:16:11Z,2,すごくおもしろかった！,https://yt3.ggpht.com/CF6taR9_5FVqjYdyAI3RGmBH2IMrIBSK_1Bs5gC3QVTIs_eVO7R9Ttlapd0u4SfNoaGKcZ-8Zw=s48-c-k-c0x00ffffff-no-rj,https://www.youtube.com/watch?v=FHsIus9tAHM
Ugyn1Vx0cNBRiyoPmz54AaABAg,Thread,,@豆みっつ,2024-03-10T12:37:36Z,0,"文章ってすごいな
読むだけでよだれが出てくる",https://yt3.ggpht.com/dzU9P_pP1QWo0RM0FsN397ybXOJkKvOsG5zDi4AWYV0EBcWORrBzb-2jxjaM3PdmTl8BMz6GVw=s48-c-k-c0x00ffffff-no-rj,https://www.youtube.com/watch?v=FHsIus9tAHM
Ugw1JCv_2VF-YzsuRTt4AaABAg,Thread,,@とし-m2l,2024-09-14T13:29:09Z,1,「わはは」で吹いたw,https://yt3.ggpht.com/ytc/AIdro_lmm_FDl7Jy_o7fxaY_KSc2_KclkyAxqHhsjBCg63Dw0w=s48-c-k-c0x00ffffff-no-rj,https://www.youtube.com/watch?v=FHsIus9tAHM
Ugx6P9DVDfiSUP_DPlF4AaABAg,Thread,,@silverspoon-ginsaji,2024-12-31T12:08:01Z,0,"鬼平にしてもこの動画にしても、内容がちゃんと調べてあるし人の血の温かさが感じられる。良い動画でした。
ありがとう。",https://yt3.ggpht.com/ytc/AIdro_lCRXNeKiz9AFIaW5BsxEsnOxDqGipjZUV7gL1AjUVHoD6z0SvKCjTFUGPKCbcymbELIQ=s48-c-k-c0x00ffffff-no-rj,https://www.youtube.com/watch?v=FHsIus9tAHM
UgzbSHNUAXCzl961QBd4AaABAg,Thread,,@Abccddee281,2025-07-30T19:33:28Z,1,濃口より薄口の方が塩分が多いです。色が薄いから薄味ではありませんのでお気をつけ下さい。,https://yt3.ggpht.com/ytc/AIdro_lE-2v4pt1Am5Vt4Pedf4xjFjaVCExlg_cJVl7OY2xcwvV1BhXRzUSHIHLwFa5dONFuTw=s48-c-k-c0x00ffffff-no-rj,https://www.youtube.com/watch?v=FHsIus9tAHM
UgwPdbYNZGDIkPhLAX94AaABAg,Thread,,@福田栄-b4x,2024-01-18T11:43:30Z,48,武士は古々米を食べてた様です　新米は貯蔵してますよ…武家の給料は米ですから。,https://yt3.ggpht.com/ytc/AIdro_k_nRddFD4iToGC_qJBSbq_CH5SoMtdU4s5knzrPGHfX6Gb3R4=s48-c-k-c0x00ffffff-no-rj,https://www.youtube.com/watch?v=FHsIus9tAHM
Ugx1RRsPKIdbRQjKdUJ4AaABAg,Thread,,@yano_1000,2024-01-17T12:36:07Z,68,"いつも大変興味深いお題で詳細なご解説、大変勉強になります。
ひとつ気付いたことですが「本所横綱（よこづな）」と記載および音読なさっていますが、正しくは「本所横網（よこあみ）」です。
今では横網のある両国には国技館もあり、相撲関係で「よこづな」だと皆さん勘違いなさいますが、よく見たら昔から「よこあみ」と書いてあります。",https://yt3.ggpht.com/ytc/AIdro_na9BWd60TnR3Fq3j9rm22wF5puQ6JiNj_BCBlh7PdZQ0g=s48-c-k-c0x00ffffff-no-rj,https://www.youtube.com/watch?v=FHsIus9tAHM
Ugx1RRsPKIdbRQjKdUJ4AaABAg.9zfPapATRMc9zhRyJL_L3M,Reply,Ugx1RRsPKIdbRQjKdUJ4AaABAg,@はやし秀行,2024-01-18T07:35:17Z,10,その通りです。よこあみ町に仕事関係の会社が有り横綱町と呼んだら、よこあみ町ですって言われました。😅,https://yt3.ggpht.com/ytc/AIdro_nu9WCYEaBDYmIaTxyYCc2t2SfsGrtAm3TR8atSJCaekmI=s48-c-k-c0x00ffffff-no-rj,https://www.youtube.com/watch?v=FHsIus9tAHM
Ugx1RRsPKIdbRQjKdUJ4AaABAg.9zfPapATRMcABKY1da6QpT,Reply,Ugx1RRsPKIdbRQjKdUJ4AaABAg,@サイコロステ-キ先輩1,2024-11-27T03:34:39Z,0,そらそうだ,https://yt3.ggpht.com/AxGFIYrtJShVIP8kRZYYtzPHoK8QrkezZHWPg3-Oj-FhQkhOUQxjv3huJgMoOElDnHrDCW9t=s48-c-k-c0x00ffffff-no-rj,https://www.youtube.com/watch?v=FHsIus9tAHM
UgwVnExrlfOZp4bgaWJ4AaABAg,Thread,,@clearcoffee4986,2024-06-13T11:07:29Z,4,"白米から玄米にしただけで
年中口内炎だったのが全くならなくなった
玄米のほうが栄養がある",https://yt3.ggpht.com/ytc/AIdro_k7o-0EYN8gAGQZkALULayofQqUwYzfSlmEzXT8Tzo=s48-c-k-c0x00ffffff-no-rj,https://www.youtube.com/watch?v=FHsIus9tAHM
Ugz8k2BymbUBRGl2QZF4AaABAg,Thread,,@yoshitakagunma6140,2024-01-19T12:08:44Z,4,興味深かったです。,https://yt3.ggpht.com/ytc/AIdro_m-f8FX2nT5ateyRDUKsf5Ta4x7VpQPQIp5E7RDlUtvRw=s48-c-k-c0x00ffffff-no-rj,https://www.youtube.com/watch?v=FHsIus9tAHM
Ugw6q7geNRMljlwwtRp4AaABAg,Thread,,@茶尾柴公,2024-01-17T13:15:03Z,55,二八が十六文のこと…シャレとしてとても腑に落ちる。焼き芋屋の屋台に十三里と書かれていたけどこれは九里＋四里（栗よりうまい）の意味でしたね。,https://yt3.ggpht.com/51eEBjUq95rPfhbgE1k9Ma_DBMr1K4hfOmf74gZLy3gxQZE3GyKATYSKuZ_dSAlEOqNeSbhDvxI=s48-c-k-c0x00ffffff-no-rj,https://www.youtube.com/watch?v=FHsIus9tAHM
Ugw6q7geNRMljlwwtRp4AaABAg.9zfU2zZfs5s9zi8WrKix7r,Reply,Ugw6q7geNRMljlwwtRp4AaABAg,@とむねこ-x7d,2024-01-18T14:04:37Z,18,当時のサツマイモの産地が江戸から13里離れた川越だった事のダブルミーニングですね,https://yt3.ggpht.com/ytc/AIdro_nALaMDKzd3C4OjRGFAVhdt9bkPf5NUJHSS7jk72304yYNmsqFB6mvPtdPKfvGCIVMYrzCl=s48-c-k-c0x00ffffff-no-rj,https://www.youtube.com/watch?v=FHsIus9tAHM
Ugw6q7geNRMljlwwtRp4AaABAg.9zfU2zZfs5sA0iaIAVcIUt,Reply,Ugw6q7geNRMljlwwtRp4AaABAg,@nakabou1211,2024-03-08T11:18:48Z,5,13里は約50kmですね,https://yt3.ggpht.com/1pB97-7Zg6dPSoSZBxcOG43ijv8YHH-bNdTrpjf7UVORL8TSZhEoKCC6qJenoBmg8pOGEsJpMw=s48-c-k-c0x00ffffff-no-rj,https://www.youtube.com/watch?v=FHsIus9tAHM
Ugw6q7geNRMljlwwtRp4AaABAg.9zfU2zZfs5sA2xHGvkEUdQ,Reply,Ugw6q7geNRMljlwwtRp4AaABAg,@u4ss785,2024-05-02T21:15:16Z,1,ということは焼き芋食って四里（尻）＋四里（より）出てくるのは八里なんですね（失礼しました）,https://yt3.ggpht.com/Lbu1EmHJ2IUC_ElJbGawwuYzQvwYGl0liHf8ZTfCMbNONe7AsAbz7gSziN7BWrugKjOsgEwaGVI=s48-c-k-c0x00ffffff-no-rj,https://www.youtube.com/watch?v=FHsIus9tAHM
Ugw6q7geNRMljlwwtRp4AaABAg.9zfU2zZfs5sA683f2_ba8C,Reply,Ugw6q7geNRMljlwwtRp4AaABAg,@松本きよし-o1q,2024-07-21T00:41:26Z,1,『十三里』よりさらに美味いという意味で『十三里半』という標語もあったそうです。,https://yt3.ggpht.com/ytc/AIdro_mv6VSji36kaW62Ao1ukwDrqaBMqEV8ooqdXhILJxJNVA=s48-c-k-c0x00ffffff-no-rj,https://www.youtube.com/watch?v=FHsIus9tAHM
Ugw6q7geNRMljlwwtRp4AaABAg.9zfU2zZfs5sABKYBlsZU2y,Reply,Ugw6q7geNRMljlwwtRp4AaABAg,@サイコロステ-キ先輩1,2024-11-27T03:36:02Z,1,そらそうだ,https://yt3.ggpht.com/AxGFIYrtJShVIP8kRZYYtzPHoK8QrkezZHWPg3-Oj-FhQkhOUQxjv3huJgMoOElDnHrDCW9t=s48-c-k-c0x00ffffff-no-rj,https://www.youtube.com/watch?v=FHsIus9tAHM
UgwvZoj9ezz8Q0HljYR4AaABAg,Thread,,@松本悠佐,2024-03-06T03:50:58Z,3,ドラマを例に観ながら楽しく観させて頂きました。チャンネル登録させて頂きます。,https://yt3.ggpht.com/ytc/AIdro_nGLRAeCM-y7QCXaF8fZRMHQiOPsZU6m6xZ_BqiJII=s48-c-k-c0x00ffffff-no-rj,https://www.youtube.com/watch?v=FHsIus9tAHM
UgwgyYnGQwT4PrlThNx4AaABAg,Thread,,@ahoahoman0207,2024-05-25T14:19:44Z,2,天麩羅屋の主人、道場六三郎じゃね？と思って調べたらやっぱりだった！,https://yt3.ggpht.com/ytc/AIdro_kUWl_1XSqS8EtbH98-7-Ybw_5vNvzGp6xyefz1XsGZzEvS=s48-c-k-c0x00ffffff-no-rj,https://www.youtube.com/watch?v=FHsIus9tAHM
UgyHfqxIVOBACO6JsnF4AaABAg,Thread,,@yyuu1377,2024-02-10T11:26:28Z,6,木枯し紋次郎のメシのシーンみるとメザシととろろ芋食いたくなる。,https://yt3.ggpht.com/ytc/AIdro_nbgkxnwSxYYkwgYJeVYvJfaNkPo6KXuIZMpHaTr20=s48-c-k-c0x00ffffff-no-rj,https://www.youtube.com/watch?v=FHsIus9tAHM
UgyHfqxIVOBACO6JsnF4AaABAg.A-d4hgDLm86A1mb3xgP0tr,Reply,UgyHfqxIVOBACO6JsnF4AaABAg,@wakuhonchan,2024-04-03T21:13:57Z,1,わかります(笑)しかも全部を一箇所にまとめて一気に食わないといけないw,https://yt3.ggpht.com/ytc/AIdro_mGR6p8ucX96N69mdLvL9ybA6Ako00rdzs1_qWVoPY=s48-c-k-c0x00ffffff-no-rj,https://www.youtube.com/watch?v=FHsIus9tAHM
UgwiRjkBwV5nvMw4zZ14AaABAg,Thread,,@もさ-h2e,2024-03-10T09:19:45Z,2,"野菜の天ぷらが先にあったのかと思ってたらそんな後だったんですね！
「わざわざ天ぷらにする必要がない」ってことなのかな？",https://yt3.ggpht.com/ytc/AIdro_lbKd5J69rJJMBFzdhNznWoJrqE2q31waffMNlXSG-SeQ=s48-c-k-c0x00ffffff-no-rj,https://www.youtube.com/watch?v=FHsIus9tAHM
UgyEK5JZb1lqFHY7sWd4AaABAg,Thread,,@Hiro-mi5sp,2024-11-05T14:00:11Z,0,昔みたいに時代劇をシリーズで放映して欲しい。時折り差し込みで入る映像に懐かしさを覚えました。ナレーションも構成も素晴らしい動画をありがとうございます。,https://yt3.ggpht.com/ytc/AIdro_k7-xp9T5lM-S2TJPrFZtYb86H8oKbQWiVZ3vFAoubptrQ=s48-c-k-c0x00ffffff-no-rj,https://www.youtube.com/watch?v=FHsIus9tAHM
UgyRZDwCn4ygj6FVxTB4AaABAg,Thread,,@crimson2410j,2024-11-16T06:07:45Z,0,鬼平の天ぷらそばの下り、短い文章なのに口の中で唾が溢れて止まらなくなりました…,https://yt3.ggpht.com/ytc/AIdro_nYoqqrl3_lg19HvC_mT_Mh-t5BtUmWugME5NnTTF9ZEao=s48-c-k-c0x00ffffff-no-rj,https://www.youtube.com/watch?v=FHsIus9tAHM
UgxvrSjOqiRVLPDgViF4AaABAg,Thread,,@onetimeonetime-vh1gs,2024-02-29T23:17:02Z,1,"めちゃレベル高い
ビビった",https://yt3.ggpht.com/ytc/AIdro_klVSaD73JNdIZ-4D9Vq9v44-Op6vI3MyILJPidVDNuF6Txt3clSU2Y4LykBuPH4SF9Fg=s48-c-k-c0x00ffffff-no-rj,https://www.youtube.com/watch?v=FHsIus9tAHM
UgytjML9ihKj6qQt6Ul4AaABAg,Thread,,@霊夢ニキ,2024-03-23T02:48:43Z,2,江戸時代にコンビニやマクドナルドが街にあったら大繁盛間違いなしだよね？,https://yt3.ggpht.com/F02LRUpARspsjR9IcyAbyM87hKda8L8KlH9lDB_E6H8kqIGcsORexItJfO0WTL__bUjJoSNaPg=s48-c-k-c0x00ffffff-no-rj,https://www.youtube.com/watch?v=FHsIus9tAHM
UgxVE9qvs18w3Ike-i14AaABAg,Thread,,@dounyaa7081,2024-09-27T07:58:47Z,1,上手にまとめていますね😊時間を忘れて見入ってしまいました😅,https://yt3.ggpht.com/CqoeTeHdgDwREkrxuQo_Q9UQq6IEnEBoYzgR9DtJC391dlzWWtzz248v_0O5DK95i6mGvcJuDrc=s48-c-k-c0x00ffffff-no-rj,https://www.youtube.com/watch?v=FHsIus9tAHM
Ugx3XkAVxm-ODyM7wNl4AaABAg,Thread,,@仁-e9z,2024-07-05T10:34:52Z,5,"私は江戸時代の武士の生き方と庶民の暮らしが大好です
んで、庶民？？？町民が侍を揶揄する「落語家の生き方」
なんかが大好きです、動画をありがとうございました♪。",https://yt3.ggpht.com/ytc/AIdro_kugcI0vlYYl4Ydbea_dP3skvwEStJmzWWc0JVvIOwTh_Sa2Angvx9G68AfSYFSXQzGzHLi=s48-c-k-c0x00ffffff-no-rj,https://www.youtube.com/watch?v=FHsIus9tAHM
Ugyofn0BxggFWS4Sb9x4AaABAg,Thread,,@小野豊-b7s,2024-11-21T15:22:23Z,2,面白かった。,https://yt3.ggpht.com/ytc/AIdro_mVhvYMGFXqP5skN3oEJ72kDcd-Uc9LM2LfSW3lNKkQ890=s48-c-k-c0x00ffffff-no-rj,https://www.youtube.com/watch?v=FHsIus9tAHM
UgzdEw7wNWLyC9NhYnV4AaABAg,Thread,,@FREEDOM-vv3wu,2024-01-17T23:27:34Z,4,※鬼平犯科帳や剣客商売を見ましょう,https://yt3.ggpht.com/ytc/AIdro_m5mtoiqYJb5lv1Xu74mWGIOQj5iBTbWyoIKc1Gu_YUXUU=s48-c-k-c0x00ffffff-no-rj,https://www.youtube.com/watch?v=FHsIus9tAHM
UgzJALYCGo4bCFahfcR4AaABAg,Thread,,@takashi-aoki,2024-01-17T13:49:15Z,5,2:34 水害多くて灌漑が少ない三河武士は雑なご飯で満足できるのが男らしいみたいな文化があったからなのよね（へうげものからの引用だけど）,https://yt3.ggpht.com/ytc/AIdro_mPXRWtbTOkWI70G_dJlTnfGQ3-A7bg_qjV8DlbgQmMrIk=s48-c-k-c0x00ffffff-no-rj,https://www.youtube.com/watch?v=FHsIus9tAHM
UgzAVPH9YjhLYW4Zgad4AaABAg,Thread,,@epicearome1017,2024-10-18T13:40:15Z,0,鬼平が天ぷら屋台で食べるシーンで店主が鉄人・道場六三郎なのが懐かしい。,https://yt3.ggpht.com/ytc/AIdro_n7o6KuemnfocAFaVKGOO0G8E2eQbMjcjXSttDxqTRWE1zv-z3-5uaDYxqQtOPRSSj_KA=s48-c-k-c0x00ffffff-no-rj,https://www.youtube.com/watch?v=FHsIus9tAHM
Ugzc6vBsX3t53TxJgA94AaABAg,Thread,,@番田那珂たまさん,2024-06-07T07:52:27Z,1,"食は生きることの根本で
そこにあるドラマってすごい素敵ですよね
美味しんぼとか、、食に対する過去から未来への導線
すてきですよね
これからも、、過去の方々の食に対する姿勢そこから生まれる、、そして未来の食に
面白い動画お願いします",https://yt3.ggpht.com/akMTYGUrgX1disAA4OLxAUtdzPCVajeOM9OZJJwEE5TTxTr7kYumQJ1n1dgyM-NGC9AXCMFU=s48-c-k-c0x00ffffff-no-rj,https://www.youtube.com/watch?v=FHsIus9tAHM
UgyMYWnsifRg9Je3f_x4AaABAg,Thread,,@嬉々-o1n,2024-10-22T08:37:24Z,1,すごく楽しく観ています　分かりやすい😊,https://yt3.ggpht.com/ytc/AIdro_ljptIZ91GaI5ig1_mzz4RdnHYgM4uAswAH8Ohp5WBke37MUIauoY19UKK2mhAgZJ6K8pKLzsQj=s48-c-k-c0x00ffffff-no-rj,https://www.youtube.com/watch?v=FHsIus9tAHM
UgxMHnbhTZz4fwnoah54AaABAg,Thread,,@木村洋介-p5z,2025-01-12T12:25:59Z,1,素晴らしい動画をありがとうございます,https://yt3.ggpht.com/ytc/AIdro_n0-wjsmvM132dc9l56ciEQLS8wynPEtPE5xMt4oi-0P52fDrecgX5jfav9MBvvXi0mJUNInTNA=s48-c-k-c0x00ffffff-no-rj,https://www.youtube.com/watch?v=FHsIus9tAHM
UgxDel865WXsketXyVh4AaABAg,Thread,,@グッドバイ-r3w,2024-06-04T09:30:52Z,1,めっちゃわかりやすくて楽しく拝聴しました！,https://yt3.ggpht.com/ytc/AIdro_n_f4TQy5tIRIHjjRiw8xXDJBDrXl2jKEr8lmzIylX9K2o=s48-c-k-c0x00ffffff-no-rj,https://www.youtube.com/watch?v=FHsIus9tAHM
UgzFeZYNOetvUD5ERQV4AaABAg,Thread,,@parzival-s1b,2024-03-13T04:03:16Z,0,同じ頃、産業革命中のイギリスはパン(黒パン、白パン)、肉魚(腐敗あり)でほぼ食文化が発達しなかった。このころから日本食が繁盛したのか…鶏肉が柏と呼ばれる理由も高級品の異称だったのか。,https://yt3.ggpht.com/AOue2mjAR5rW8i7Xnec2d_oLd8BP5SEFX1Lhh9NLTNUKyIkqzMf7glkDMCNHeFOJ0QyVGRQX=s48-c-k-c0x00ffffff-no-rj,https://www.youtube.com/watch?v=FHsIus9tAHM
UgyXFGVdJDfyIL1iL9J4AaABAg,Thread,,@トハ-f2t,2024-05-27T15:44:30Z,0,日本の歴史って文化がギチギチに詰まってて見応えあるんよな,https://yt3.ggpht.com/ytc/AIdro_liEpzDzC2XPxX2EmxANAuXZqkz_pHK7bnHTH0t1WVolexRFy5PwIrBGmbMH-mbjQUsjdSuIlx1=s48-c-k-c0x00ffffff-no-rj,https://www.youtube.com/watch?v=FHsIus9tAHM
UgxEUqG5ULwy3fkdeyl4AaABAg,Thread,,@Sato-Tanaka,2024-10-12T23:21:35Z,0,日本人の飯に対する思い入れがすごい。,https://yt3.ggpht.com/W6Va5ywwH4RTtC6L8xPNieGme5tsrJfgqP-53NledxAtqV92tJDVyW2f-_SYjZVc4WY4s_jDax8=s48-c-k-c0x00ffffff-no-rj,https://www.youtube.com/watch?v=FHsIus9tAHM
UgwYETWUEZdL7UgvJzN4AaABAg,Thread,,@手崎っ子,2024-05-26T08:00:10Z,0,大変勉強になりました。途中、途中ヘェ～と思いながら最後まで楽しめました。ありがとうございます。,https://yt3.ggpht.com/ytc/AIdro_lR4vhX03yt8GOx36fb5WfIv5PbEzla_i-UTzgX1ifP6ki9ruQyzNGSlrbQelWhbzKzR4Jq=s48-c-k-c0x00ffffff-no-rj,https://www.youtube.com/watch?v=FHsIus9tAHM
Ugxvv7TifKXMWWfIu9d4AaABAg,Thread,,@にくむら,2024-07-13T22:31:11Z,5,"とても分かりやすい解説
ありがとうございます！
時代劇の映像のカットインが
秀逸でした。

蕎麦つゆ のくだりで
「関西では薄口しょうゆが好まれたが、関東ではこいくち。辛いのです」
と仰っていたところが少し気になりました。
薄口 濃口 は色合いだけで
実際はうすくち醤油のほうが塩分濃度は高いですよね。",https://yt3.ggpht.com/ytc/AIdro_lp2kM4CopjKkDqNNiEtaQ3utdnQeqVKh7PiRFzQc9WKlEqEivTJzwB8ddhlalpYktDumM5=s48-c-k-c0x00ffffff-no-rj,https://www.youtube.com/watch?v=FHsIus9tAHM
UgyBze-mCg_dRYwsDcx4AaABAg,Thread,,@Mukki64,2025-03-05T12:13:14Z,1,"副食がなかったから脚気になったって事だから食事のバランスが相当極端な食生活をしていたって事が原因。
お米が原因ではない！
副食がないのが原因！",https://yt3.ggpht.com/i3myCQhpWh1h8PYCf_66Y1PP2UautKsTa38gg0bAK5a28QbE_uG-UKXf8uOki10dPUg2Y-7wlA=s48-c-k-c0x00ffffff-no-rj,https://www.youtube.com/watch?v=FHsIus9tAHM
UgyGsFykxyNMAlEBjDB4AaABAg,Thread,,@比良-ss,2024-01-20T22:06:49Z,4,"濃口は香りが強い
淡口は香りを抑えたモノ
濃口は冷蔵庫が無い時代に魚・肉を保存する為に使われてた（砂糖も同様）
そばつゆに濃口を使うのは、カツオ出汁の香りに釣り合う為
淡口は上方が野菜の煮物使うのに香りが強い濃口を使うのではなく、発酵抑えた淡口を開発し使いだしたのでした。

蕎麦も関西に『「砂場」ありき』という言葉があり
この有名店が発祥だったような？？",https://yt3.ggpht.com/hEMeHmaMpqXvPNgExteD9ICAB-JBSrLTHAVdIosOSrNN0euW0SMmKYkhH2Ojw_UUjsQRlkCm=s48-c-k-c0x00ffffff-no-rj,https://www.youtube.com/watch?v=FHsIus9tAHM
Ugxmn5mT7SxQ9gHCIqt4AaABAg,Thread,,@modoricyan6076,2024-03-07T08:40:19Z,0,"色々なものが変遷していった現在の東京で
赤穂浪士討ち入り頃の「笹巻き毛抜き寿司」やペリー来航の頃の「弁松」の味が濃い弁当を食すことができる奇跡！",https://yt3.ggpht.com/ytc/AIdro_meZQDvkVwIytlz05tUr4sKYRoxduo30MYm6fDWZDFwo5Dx5x44u4bpmQY2f_R4uW4yGQ=s48-c-k-c0x00ffffff-no-rj,https://www.youtube.com/watch?v=FHsIus9tAHM
UgyD7eAyzQYq4d0li3Z4AaABAg,Thread,,@山田くん-f7l,2024-05-11T14:05:37Z,0,"勉強になり面白かったです。
有難うございます。",https://yt3.ggpht.com/IyVxsWsZy3JsosiqgqOsl_BpGU1JTGylIcheCMTrL3za5yICZIEoCwtkQSH8caN5el1Q4HG7=s48-c-k-c0x00ffffff-no-rj,https://www.youtube.com/watch?v=FHsIus9tAHM
UgzSUKxgKzuctlOcQ3R4AaABAg,Thread,,@吉田雅義,2025-03-02T20:34:29Z,0,ソバは荒れた土地でも育ち管理も楽なため、稲作困難な山間とかでも栽培できた。,https://yt3.ggpht.com/ytc/AIdro_nGVA8MrTE0hBh7iSatpBHdHtN5xyC-znmQMCdpzTI=s48-c-k-c0x00ffffff-no-rj,https://www.youtube.com/watch?v=FHsIus9tAHM
Ugz8L2i5TapQItcpi2B4AaABAg,Thread,,@ikura809,2024-12-20T20:33:14Z,1,見てたら腹が空いてきた,https://yt3.ggpht.com/CB3dl_sjdd8NrHkbXyxsLPTU8lxHY-IhhyagCem7nW0tquJVwciQXWSC5js3FzevVxnLz6yk=s48-c-k-c0x00ffffff-no-rj,https://www.youtube.com/watch?v=FHsIus9tAHM
UgzM4KHTlvoOQkEO_GZ4AaABAg,Thread,,@jansmash4343,2024-04-29T07:59:44Z,0,"良く調べられておられます。
面白かったです。",https://yt3.ggpht.com/472Ng4qFuVK74VzW5uzCjrvIrlOouVQ7aafYUCCG_hOBzsmgmH__vNu4r62SXu_gyHru8bFV=s48-c-k-c0x00ffffff-no-rj,https://www.youtube.com/watch?v=FHsIus9tAHM
Ugz3IPv1earSIzaux5J4AaABAg,Thread,,@貝ひも-d3l,2024-11-12T11:50:38Z,8,いや、うすくち醤油の方が辛いやろ…色が薄いだけやで。,https://yt3.ggpht.com/GGioLN-FJJcwGmwhD3DEbgTuySmBiUfPFEPGO_YZB4cZLAWvS1ZHebvhSbLEEqjTP1fEnNPuoA=s48-c-k-c0x00ffffff-no-rj,https://www.youtube.com/watch?v=FHsIus9tAHM
UgzEAsFI_elU4bZfWjh4AaABAg,Thread,,@キャロルさん-l1h,2024-07-04T12:53:43Z,0,非常にテンポ良く見れて最高です,https://yt3.ggpht.com/ytc/AIdro_mSYNh6og0YIvodmHaNmCiT4aGVps9NhSRrM8q9md2FKqk=s48-c-k-c0x00ffffff-no-rj,https://www.youtube.com/watch?v=FHsIus9tAHM
UgyQeRKsbOLTmT7kFG14AaABAg,Thread,,@息子-l4i,2024-05-12T07:41:22Z,1,米って美味いって次元を超えてるよな,https://yt3.ggpht.com/gXwdsZlMstJm2Un5WL_2ZKQlUNw3a20Jc7TcpLgQAEq4kFFRGuq9sX1hzvT330doz9U-j4gOwA=s48-c-k-c0x00ffffff-no-rj,https://www.youtube.com/watch?v=FHsIus9tAHM
UgxoI4PMFB4AvuTL2Lp4AaABAg,Thread,,@storm7116,2024-06-05T00:59:27Z,1,"鬼平犯科帳で冬のナマズの鍋の描写が素晴らしくあのくだりで酒が呑めます🎵
私は釣りをするのですが、ナマズは冬には釣れないので夏のナマズを鍋、蒲焼きで食べました。
ムチムチした肉がとても美味しかったです❤",https://yt3.ggpht.com/ytc/AIdro_mv8CztWCGtEl6Oiudbl52t22tlBRrf26quNZoxg20L4A=s48-c-k-c0x00ffffff-no-rj,https://www.youtube.com/watch?v=FHsIus9tAHM
UgxGMchdHku6-Uzhn414AaABAg,Thread,,@peeplil1415,2024-05-28T13:01:01Z,1,昔の寿司を江戸寿司って名前でおにぎりみたいな売り方したら人気出そう,https://yt3.ggpht.com/F3yLhbLFO_Zi_DkMFRn7qzHWzGN6dWmvXatnu_D9ce0sW5qZGCy5ntKT_XZTPYhPAkTy5RBVKQ=s48-c-k-c0x00ffffff-no-rj,https://www.youtube.com/watch?v=FHsIus9tAHM
UgysGvpsDy_OJXE5Qyl4AaABAg,Thread,,@momi0207,2024-06-05T06:23:51Z,1,ご飯食べながら観ましたので美味しかったです😃,https://yt3.ggpht.com/p_hL00_DypxxuL0jMGKbHSwzl-uXkwcevORrWs5BeQ0BF3NFj3UJs5TY9V19D1iYr8-ghvNR=s48-c-k-c0x00ffffff-no-rj,https://www.youtube.com/watch?v=FHsIus9tAHM
UgyBLEEuOhwe1nMpP6J4AaABAg,Thread,,@big7356,2024-01-21T05:28:06Z,2,Channel登録したよ。勉強になります,https://yt3.ggpht.com/ytc/AIdro_k547Ewr1BZDZ_afxiFOZx4ewx_YMIBcdbTxfL6XvI=s48-c-k-c0x00ffffff-no-rj,https://www.youtube.com/watch?v=FHsIus9tAHM
UgwHH6NJvuLJSF4BprR4AaABAg,Thread,,@猫よりリブ推し,2024-02-23T13:57:33Z,1,なるほど。それで清澄白河の辺りにどじょう屋さんが沢山あるんですね。,https://yt3.ggpht.com/mNvdexI-3AoRFJz7cX0M574KMnwhsNEFy7-b-o3apu9HE7c2SYsiNsOos6J1AY6UOnKOjj4J=s48-c-k-c0x00ffffff-no-rj,https://www.youtube.com/watch?v=FHsIus9tAHM
UgxsXlESzZ_VUXO5YtJ4AaABAg,Thread,,@鹿島高穂,2024-01-17T22:43:45Z,26,鬼平犯科帳…友人がよく、「鬼平料理帳、長谷川平蔵の食いしん坊バンザイ!」って言ってましたネ😅😊,https://yt3.ggpht.com/tX08sf91gmZkwpOiYy4q2u5ijMXLDH_jhjsKueMN3V9wuL09Pi9_8OCHTp2To5gLGXkSNpwwrPM=s48-c-k-c0x00ffffff-no-rj,https://www.youtube.com/watch?v=FHsIus9tAHM
UgzkxOChhmjXcoRsI8J4AaABAg,Thread,,@quelqu_un..,2024-02-11T12:08:15Z,3,"醤油も江戸初期には下りもので庶民には高嶺の花だったそうです
なので蕎麦も別の味付けで食べられていました",https://yt3.ggpht.com/TzD_khKfeS3I3U7ZHFeaMTy6xtU4eXQjohrc356IamJCQwC_kmWaEtO_XeyxeGlsoQJfp_yRUA=s48-c-k-c0x00ffffff-no-rj,https://www.youtube.com/watch?v=FHsIus9tAHM
UgyTgVCjda82wnXXtah4AaABAg,Thread,,@田舎の高校生-b5b,2024-03-14T15:30:26Z,1,蕎麦屋の屋台は落語(時蕎麦)に登場しますが歌舞伎の世話物にも蕎麦の屋台が(髪結い新三)や(法界坊)の劇中に登場します。,https://yt3.ggpht.com/gBJLwiSk7S7f-xlM8qW47LEdfmOwW1SZljjhPn_gHavwncMW3ZLnfezqCTXegQnH0hcGCHqOXQ=s48-c-k-c0x00ffffff-no-rj,https://www.youtube.com/watch?v=FHsIus9tAHM
UgzlJBn_mN__28LqP1R4AaABAg,Thread,,@gomezyolo8875,2024-02-26T11:31:52Z,1,国内市場だけで自立していた、理想的な国家運営がてきていたのてすね。,https://yt3.ggpht.com/ytc/AIdro_mCLF6rEIMDp9UNdXtzQj4nnWsbqgfRtk42BgyfMqs=s48-c-k-c0x00ffffff-no-rj,https://www.youtube.com/watch?v=FHsIus9tAHM
Ugz5PjT2zSIdQXSkWBF4AaABAg,Thread,,@IWA-h3c,2024-02-07T17:24:46Z,1,勉強になりますね!,https://yt3.ggpht.com/ytc/AIdro_kt_ys2P4AseRaxydQe_OesUoGFLKRibfViIokP0NDwF_M=s48-c-k-c0x00ffffff-no-rj,https://www.youtube.com/watch?v=FHsIus9tAHM
UgxDmpRnSh58bbWbdP14AaABAg,Thread,,@ハイダカルロス,2024-02-24T05:21:56Z,4,勉強させて頂きました!ありがとうございます😊,https://yt3.ggpht.com/ytc/AIdro_kt5cTq8OOtUUKP_51ZhA2rPuNoFZO4KRiBw-AkcfmgyZ4=s48-c-k-c0x00ffffff-no-rj,https://www.youtube.com/watch?v=FHsIus9tAHM
Ugz5kTSyUBpB8gr2_tV4AaABAg,Thread,,@user-ru5ww5ww5y,2025-03-17T21:11:41Z,2,江戸時代  財政引き締めの一環で  派手な着物を禁じられた庶民達は  着物の表は地味で  そのかわり  裏地を派手にして オシャレを楽しんだり  今もある 江戸小紋は  この頃に出来たそうで  遠くから見ると地味な無地に見えて  近くで見ると  細かく  複雑で  凝った柄で   とてもオシャレです   お上の言いなりになるのではなくて  庶民の心意気が感じられて  ステキです,https://yt3.ggpht.com/lCC7u4kQdOWfzAfeo5P4WDZNrje65f8zcbUijGmtNhObaQO9H7Y2jkhoaK95f7bgb3SFSbF0yko=s48-c-k-c0x00ffffff-no-rj,https://www.youtube.com/watch?v=FHsIus9tAHM
Ugy7tr0Kc_mHTPwAWyV4AaABAg,Thread,,@こばやしみつる-j8i,2024-02-01T13:13:50Z,2,深川　清澄白河に「小名木川」という運河があります。「おなぎがわ」と読むのですが、元々は「うなぎがわ」だったと言われています。ですから今でも小名木川のそばには鰻屋がたくさんあります。,https://yt3.ggpht.com/ytc/AIdro_kZW9XJvJEoOR_rRepEjByzkULQjfk9jGLVB0hAOWIAsQ=s48-c-k-c0x00ffffff-no-rj,https://www.youtube.com/watch?v=FHsIus9tAHM
Ugzc4ZodYIQfelYc8VV4AaABAg,Thread,,@セントオーガスティン-w1k,2025-03-08T05:58:00Z,0,素晴らしい解説で解りやすかったです。ありがとございました。面白かったです！暴れん坊将軍も美味しそうにお蕎麦をよく食べてましたね,https://yt3.ggpht.com/ytc/AIdro_l4REn5fQ1lbbXMHy7juh3Tv6WIpslBnsWj1hZya7qxHokDJnuFNqd-Xl2ntG_kSxXxLtVk=s48-c-k-c0x00ffffff-no-rj,https://www.youtube.com/watch?v=FHsIus9tAHM
UgxNEbfU4W7oFEm7H354AaABAg,Thread,,@山本大介-o6t,2024-05-06T12:47:06Z,2,※薄口醤油濃口醤油は色の濃さを指すもので味が濃いわけではありません。,https://yt3.ggpht.com/ytc/AIdro_lG2ySfIsWrcyobYXWQBH9GcGeL0YwMjpnKGxYCC2LaYw=s48-c-k-c0x00ffffff-no-rj,https://www.youtube.com/watch?v=FHsIus9tAHM
UgwzwjSNlp4ZwMV6C614AaABAg,Thread,,@mts146,2025-02-28T10:43:56Z,0,"めっちゃ楽しかった。
鶏鍋作りたいがネギが無い・・・",https://yt3.ggpht.com/ytc/AIdro_lb-3Xm2Pd-kF8NFdzvIsPaB0F31FSouk_PxFH8kd7DvEcw=s48-c-k-c0x00ffffff-no-rj,https://www.youtube.com/watch?v=FHsIus9tAHM
UgzbHTynJZHRAf8BFgV4AaABAg,Thread,,@pingubrutish4127,2024-02-29T10:42:02Z,2,素晴らしい解説！登録します,https://yt3.ggpht.com/ytc/AIdro_l2Hzb0SgD7GXmN1WwZIRVKfHxgg9Pb1kw5-D6BYQE=s48-c-k-c0x00ffffff-no-rj,https://www.youtube.com/watch?v=FHsIus9tAHM
UgxVZlR4n-DG7ygPorJ4AaABAg,Thread,,@タラの芽-k3h,2024-12-18T22:33:20Z,0,凄く面白かったです、最後まであっという間に観てしまいました。チャンネル登録しました！,https://yt3.ggpht.com/ytc/AIdro_knaWwqiQm4io3FmKBm46AVnJn42K8jGsG4doK5aFKfNHrCppLHEaIakt502dbeu2UNnhf3=s48-c-k-c0x00ffffff-no-rj,https://www.youtube.com/watch?v=FHsIus9tAHM
Ugx2ozZr2Eu-Wv03TbF4AaABAg,Thread,,@morimori6733,2024-02-04T02:49:57Z,1,めちゃくちゃ勉強になりました。チャンネル登録しました。,https://yt3.ggpht.com/ytc/AIdro_memU90YN1AvENRggjtbPc4IOii-Okd-sNY89kw6Jc=s48-c-k-c0x00ffffff-no-rj,https://www.youtube.com/watch?v=FHsIus9tAHM
UgwLEXvzvhpEHEDIypN4AaABAg,Thread,,@miohayakawa2385,2024-06-07T10:02:40Z,1,良動画ですね。食事しながら視聴しました。,https://yt3.ggpht.com/ytc/AIdro_lPyhhILHgvWcoDp4MRKb1YvcUCjZkOsFWWB7wlZGw=s48-c-k-c0x00ffffff-no-rj,https://www.youtube.com/watch?v=FHsIus9tAHM
Ugy8REllgVYH702wFe94AaABAg,Thread,,@RicoTheHorizon,2024-03-19T13:08:43Z,0,興味深い内容で楽しめました。,https://yt3.ggpht.com/wYv6vEoLbkX1WQKoRRNjHyPm4h1dvZIcCKknrXJTaXa0rXPXMRmbGbORrvikBbQ_F4pOIAm1=s48-c-k-c0x00ffffff-no-rj,https://www.youtube.com/watch?v=FHsIus9tAHM
UgxibdKc5l1uPd9nzs54AaABAg,Thread,,@グレートマサムネ,2024-03-18T18:43:52Z,0,"時代を重ねて今の食生活があると思うと、先人たちの努力の結晶だなと痛感させられますね
うなぎは昔は安価だったなんてうらやま",https://yt3.ggpht.com/ytc/AIdro_mXGCekKVU-1sQsghyTh4y8LdvKc9QNOGIh9v3R64RiGwQ=s48-c-k-c0x00ffffff-no-rj,https://www.youtube.com/watch?v=FHsIus9tAHM
Ugw9ZrBNp8Biz-5McqJ4AaABAg,Thread,,@hirame-i9y,2025-01-29T10:24:07Z,1,"池波正太郎の小説は大好きです。
しかし、戦国の忍者物にしろ江戸市井の捕物帖にしろ、食事風景の模写が絶妙過ぎて、読んでいる最中にお腹が空いてきます。

この動画を観てもお腹か空いてきました…",https://yt3.ggpht.com/ytc/AIdro_lDbPA3AdsJo_ytTd2kUyLKeBbBuSv5LgPV6jRJpxlqT_FbErQ=s48-c-k-c0x00ffffff-no-rj,https://www.youtube.com/watch?v=FHsIus9tAHM
UgyzakPflOGO6x3WVK54AaABAg,Thread,,@Leon-zb6zz,2024-03-03T11:36:02Z,2,"戦国時代から江戸末期の200年と、江戸末期から現在までの200年では文明の変化が比較にならないほど進化してますよね。
鎖国からの開国が大きいのはわかりますが、こんなに変わるとは。",https://yt3.ggpht.com/ytc/AIdro_n1hHNFfhXBR4BASbMAHa8CRJOT-_7vV_OG-i3RKWwWIZ-j-3B7Fl4iapOfpamSrb2qYA=s48-c-k-c0x00ffffff-no-rj,https://www.youtube.com/watch?v=FHsIus9tAHM
UgzV_crT9a_gw5UaQup4AaABAg,Thread,,@metatarobxmxc,2024-01-21T14:58:19Z,2,玄米や雑穀は粘りがなく パラパラやから納豆の粘りで食いやすいから広まったって聞いたんやけど...,https://yt3.ggpht.com/ytc/AIdro_mHmuU06D7d5sBRgDRpRTvVd8vsSTtRz8SeQaLfhG4HVx1vDFIuKij6U4A3NXKz4jBOYA=s48-c-k-c0x00ffffff-no-rj,https://www.youtube.com/watch?v=FHsIus9tAHM
UgwAFIdhACzZRSlen0d4AaABAg,Thread,,@tilasole3252,2024-10-26T02:16:30Z,0,"The subtitles on the video are in Japanese, as well as the subtitles you can turn on.  😅",https://yt3.ggpht.com/ytc/AIdro_lCz-5s9xX2KhaXt-SgRQrSh7xSIu9Mi5iKddZZLTjvY5aH0-HZod53kfuRV4K-zm-cvg=s48-c-k-c0x00ffffff-no-rj,https://www.youtube.com/watch?v=FHsIus9tAHM
UgxF1UELhXsN33QqQfh4AaABAg,Thread,,@kakashi27812,2025-01-27T11:43:05Z,1,"1日米五合か。自分の祖母の祖母は「死ぬ間際に人生で初めて白米を食べれた」と祖母が言っていたな。
ほんの少し前まで農村じゃ白米は超贅沢品だったらしい。真っ白なご飯を見るたびに思い出す。",https://yt3.ggpht.com/2jzQsBJag7R2FRS0sElkgFK9B_rCDla2MMKmE-TvPTmsul5Rj7lSBzgLYjc6ZJScbky4S1Tdow=s48-c-k-c0x00ffffff-no-rj,https://www.youtube.com/watch?v=FHsIus9tAHM
Ugx9uuCyNFyH-hPveYt4AaABAg,Thread,,@Barzi888,2024-11-25T11:01:03Z,1,めちゃくちゃ良いチャンネル👏👏👏,https://yt3.ggpht.com/ytc/AIdro_kyXinVoEULswbthkKsT6O13S3o45HFPCDyBHkolQshxPQmH45AoMdPDE7rLv1-rkGWtNeb=s48-c-k-c0x00ffffff-no-rj,https://www.youtube.com/watch?v=FHsIus9tAHM
Ugx6wFh9aCh95WmV9Cl4AaABAg,Thread,,@わんわん-n3f,2024-01-17T11:26:22Z,7,横綱じゃないよ横網,https://yt3.ggpht.com/bYmARt0VdorLzW3dobjRStT9wG1KzQbFlzBqOVYokK86Sww2SkUI6ldArf7YORMx2geqTaCcig=s48-c-k-c0x00ffffff-no-rj,https://www.youtube.com/watch?v=FHsIus9tAHM
Ugw0nb2CEX1ONywyvCp4AaABAg,Thread,,@今津朋大-y6n,2025-05-07T05:49:19Z,0,納豆汁の歴史が今分かり分かりました。,https://yt3.ggpht.com/ytc/AIdro_lU3KA1X0AxP1E-j54o9GkFjdztJzGjMV9FanRxGBo=s48-c-k-c0x00ffffff-no-rj,https://www.youtube.com/watch?v=FHsIus9tAHM
UgybVU0VZ5Xo9a6BCid4AaABAg,Thread,,@もちもち-j8c,2024-10-01T11:07:19Z,0,とても面白かったです！,https://yt3.ggpht.com/53GvBCSvmGGxUvPhDekh0UeU2aO1TXsU48NrI_Zu0YjcNJb-Ld-e91JSSCKtBhDjntg-5LIL=s48-c-k-c0x00ffffff-no-rj,https://www.youtube.com/watch?v=FHsIus9tAHM
UgxTGBZVxxqWNFxhALt4AaABAg,Thread,,@hatayasadao1944,2024-02-10T09:06:47Z,1,博識には驚き。よく調べたものですね。,https://yt3.ggpht.com/ytc/AIdro_mSCyN_OrDctYYpHSBjDd58YTQ8oijMja7qdMs5HQs=s48-c-k-c0x00ffffff-no-rj,https://www.youtube.com/watch?v=FHsIus9tAHM
UgwJ5rflJH6N-kxitvZ4AaABAg,Thread,,@kirikirimai750,2024-09-14T15:38:51Z,0,"以前、鬼平犯科帳の食事シーンばかりを編集した動画があって、それが大好きでよく観てますた！
また見たいと探しても、削除されて残念です。",https://yt3.ggpht.com/ytc/AIdro_l_QCMb9Pbv8Dn07MByCu49YGZC87yRtmlV8BxafdW9FoU=s48-c-k-c0x00ffffff-no-rj,https://www.youtube.com/watch?v=FHsIus9tAHM
UgzoYmjdcfhpX_ifCjV4AaABAg,Thread,,@ののチャンネル-p8y,2024-03-13T10:17:59Z,0,目黒の秋刀魚もこの頃の殿様が質素を表した話しなんなのかな～,https://yt3.ggpht.com/ytc/AIdro_nI_yebBy5OBAWqmBPhKFfPIJA9RLNpo267Alk1ZNUF5pc=s48-c-k-c0x00ffffff-no-rj,https://www.youtube.com/watch?v=FHsIus9tAHM
Ugx1b9vuGeSDwgdfNad4AaABAg,Thread,,@後藤敦-e1d,2024-03-06T13:46:52Z,1,"追伸　いろいろと良い情報ありがとうございます！
大学の講義（雑学）で話のネタにさせていただきます！",https://yt3.ggpht.com/ytc/AIdro_kNi96czVIIug2vGl2pI5CNy7Nhg_OYyyVR1HA2orMvUno=s48-c-k-c0x00ffffff-no-rj,https://www.youtube.com/watch?v=FHsIus9tAHM
UgzZk0K8pPMRHBhC1Ft4AaABAg,Thread,,@necronomiconaruajhu,2024-09-28T15:52:49Z,0,色々、勉強になりました！チャンネル登録させてもらいました。,https://yt3.ggpht.com/ytc/AIdro_mNg1S55pdzzJuqCZLd7QisUU0CIo-ESeLWO5fmbdc=s48-c-k-c0x00ffffff-no-rj,https://www.youtube.com/watch?v=FHsIus9tAHM
UgxTZr61xVyt03Ndm1t4AaABAg,Thread,,@tryo2115,2024-05-04T02:17:34Z,1,昭和30年くらいまでは江戸時代と大して変わらない食生活だったんだけどね。,https://yt3.ggpht.com/ytc/AIdro_keXxOOtJrEfmnDYwkXbN-OvYg6rY5QgVtMKM13ZhIfuoIX-8DbUjr90K29_hGyHQZJjQ=s48-c-k-c0x00ffffff-no-rj,https://www.youtube.com/watch?v=FHsIus9tAHM
UgxFqPJW8fex2tHxC194AaABAg,Thread,,@蒔田友哉,2024-07-05T01:23:58Z,0,それを技術で昇華させたのはお見事,https://yt3.ggpht.com/ytc/AIdro_kSgzsn-PaGdvyWXb6AMhFa1gscZpG84RXiatevNLqmSu1hqWQ=s48-c-k-c0x00ffffff-no-rj,https://www.youtube.com/watch?v=FHsIus9tAHM
UgyEh9hlk84Yh8ycd2V4AaABAg,Thread,,@tangakaramucho,2024-09-16T18:40:30Z,0,子供のころ、長七郎江戸日記の六さんに憧れて、本気で「大きくなったら夜鳴き蕎麦やるんだ！」と思っていたものでした 笑,https://yt3.ggpht.com/ytc/AIdro_loJbs7Q1W-4x0qO5urNoAS58h70ADXFshw8KiAKEG0DuE=s48-c-k-c0x00ffffff-no-rj,https://www.youtube.com/watch?v=FHsIus9tAHM
UgzUQDMMq5ZjbbFR2X94AaABAg,Thread,,@golgo013,2024-01-18T18:50:12Z,4,勝新太郎さんのうどん食うのまじで美味そうw,https://yt3.ggpht.com/EEJBDdunbVjVsUE9mLfctgpYjH2-C4DCN5o7yjlK10uJ2y3u3sl_97mgOGFVEQIrRXrpkdWkHQ=s48-c-k-c0x00ffffff-no-rj,https://www.youtube.com/watch?v=FHsIus9tAHM
UgxaQ6fwQe-RhURGZoB4AaABAg,Thread,,@islandtreasure,2024-02-27T01:09:59Z,1,"1:29勝新さんのインパクト…(´・ω・｀)
太刀打ち出来るのは「生まれた時からどんぶりめし」のめしのはんだやのＣＭだけ",https://yt3.ggpht.com/ytc/AIdro_kNxgC8ci-CBWVpgP29NvJC7fnjoQOIEMYbxJz7_kKCyq9Hpu32YCOe9EXktnhHN76exg=s48-c-k-c0x00ffffff-no-rj,https://www.youtube.com/watch?v=FHsIus9tAHM
Ugzj_SnkruaZE9e_tgd4AaABAg,Thread,,@turkey8622,2024-06-19T01:01:17Z,0,"赤穂浪士は討ち入りの前日、鴨肉を葱と焼いて大根おろしと醤油をかけて食べていたそうですね。
今も残る「剣菱」を燗につけて一緒に楽しんでいたそうです。",https://yt3.ggpht.com/ytc/AIdro_mCoojGW98j5cm5VoYPpHEjdRYdJhS334aujKYRarqcaA=s48-c-k-c0x00ffffff-no-rj,https://www.youtube.com/watch?v=FHsIus9tAHM
UgxiYcHJD_6X6XG09VR4AaABAg,Thread,,@addrealrees6279,2024-03-11T12:38:00Z,1,"夜に見るもんじゃねぇな。
蕎麦茹で始めちゃった",https://yt3.ggpht.com/ytc/AIdro_lkgcXKcDlhcR_SmH8ktyRPhkhVwftx7Nnt5exh-pk=s48-c-k-c0x00ffffff-no-rj,https://www.youtube.com/watch?v=FHsIus9tAHM
UgxO5X63ROZt-8gOO0h4AaABAg,Thread,,@イレブンファースト,2024-03-17T09:40:58Z,1,濃口醤油の方が塩分少ないんだよなぁ,https://yt3.ggpht.com/ytc/AIdro_lzT1TwTMkU5ED-0wxzn47YjfQGy5H7xu_A65G-mUYNzF8=s48-c-k-c0x00ffffff-no-rj,https://www.youtube.com/watch?v=FHsIus9tAHM
UgzXG0C1YCQr5IzofXZ4AaABAg,Thread,,@tatuyagotoh,2024-05-28T07:37:59Z,0,ありがとうございます。,https://yt3.ggpht.com/ytc/AIdro_kDj3pl_DBNk9URFdUZHFP_i5EIosUs_84MCgiqPIrivmqr7BW4KwSk5eIZjaiq8pgJxA=s48-c-k-c0x00ffffff-no-rj,https://www.youtube.com/watch?v=FHsIus9tAHM
UgxnvV8xGzRR0WiaJnJ4AaABAg,Thread,,@ぴちぴちゴンザレス,2024-05-02T15:38:55Z,0,ここまで「なるほど」ってなった動画は最近ないね😮,https://yt3.ggpht.com/ytc/AIdro_mkExiXOh_l84LbHWyzbyTUFFS3GGTR6UyGwYlU2oL8pJuwZ-55Qe9L3ZPAhg4Z2hcWsgc0=s48-c-k-c0x00ffffff-no-rj,https://www.youtube.com/watch?v=FHsIus9tAHM
UgxztT59y7-LaX8kAIJ4AaABAg,Thread,,@MK19650824,2025-01-13T08:53:33Z,0,"よくこれだけの資料を集めて卓越した解説動画を作られました。天晴れです！
まさに身土不二、玄米と糠漬けが日本人を作ってきたことを、忘れてはならない。
御先祖から受け継いだ大和魂を取り戻しましょう。",https://yt3.ggpht.com/ytc/AIdro_k7Ny-sHR3m1RDCTan_3dssN20DdTbx3G9DdpTZkM5yRko=s48-c-k-c0x00ffffff-no-rj,https://www.youtube.com/watch?v=FHsIus9tAHM
UgzonUqlhR2arVIcWlh4AaABAg,Thread,,@アルミ缶-e3d,2025-02-20T12:14:04Z,0,歴史ってやっぱ美しい,https://yt3.ggpht.com/0EQ2nOWt4OJ5E47vfc1FLU5yfSr1dMlmTEib0DElVFQiByjariQH4j9Zuqm4Y6CguM5h-gMQng=s48-c-k-c0x00ffffff-no-rj,https://www.youtube.com/watch?v=FHsIus9tAHM
Ugxr-5MjsHJJ-e9v0f14AaABAg,Thread,,@kyoichi9358,2024-09-15T07:31:09Z,0,"素晴らしいレビュー❤ですねぇ!
有難うございます。😊🎉",https://yt3.ggpht.com/ytc/AIdro_m_zB3b-vEw3IFY_-gIa9fgx7WTtPt4jOAhtU6LRkmzQUxN7UR9wCwxMs9an8Z7sCRZHQ=s48-c-k-c0x00ffffff-no-rj,https://www.youtube.com/watch?v=FHsIus9tAHM
UgzIq3yXEU9mi_OyzZB4AaABAg,Thread,,@fe26Y,2024-03-26T00:01:54Z,0,濃口醤油=辛いの認識は間違いだけど昔の関東のそばつゆは昆布が少ない(硬水の為味が出にくい？）からグルタミンを補う為、濃口を多量に使用して辛かったんじゃないのかと思う。,https://yt3.ggpht.com/ytc/AIdro_lFFW-nj60JfhTG590s75U0dWxzJiGsU07Mq2tqA7-t2yj2XpI=s48-c-k-c0x00ffffff-no-rj,https://www.youtube.com/watch?v=FHsIus9tAHM
UgxCtZaCkEOQcIQYcBV4AaABAg,Thread,,@青海豚,2024-05-29T12:41:28Z,3,"地元なので一言します
本所横網　よこづなではなく
よこあみです",https://yt3.ggpht.com/ytc/AIdro_mIEgdAXmMfyaFqx_x_CYY0S2Sxr7Ow7imWz3AZFxo=s48-c-k-c0x00ffffff-no-rj,https://www.youtube.com/watch?v=FHsIus9tAHM
Ugwqv--JRFWNACGS3gV4AaABAg,Thread,,@takanoriyamaguchi6382,2024-10-05T18:06:36Z,1,"醤油の塩分って薄口の方が多いんじゃなかったっけ？

江戸時代の人ってすごいな、大体の1日に必要なカロリー合ってる",https://yt3.ggpht.com/ytc/AIdro_kehBQButt1hHmnbilEbVMld_K5tls1OCy93JYgWmA=s48-c-k-c0x00ffffff-no-rj,https://www.youtube.com/watch?v=FHsIus9tAHM
UgyoIYkex9UXbqOGSvV4AaABAg,Thread,,@RappingHorses,2024-09-15T06:12:05Z,1,1:27　きったねえ米の食い方…,https://yt3.ggpht.com/dOIrVUAXuGXxbsp0wlxXDsX2z638oP6jXtOwsEfdz5ePt1C9UL7UZ7tEOEnYffc2ZvKwckTB2A=s48-c-k-c0x00ffffff-no-rj,https://www.youtube.com/watch?v=FHsIus9tAHM
Ugzk--_qH6KGIaaiAMt4AaABAg,Thread,,@ネットアイドル界の重鎮だんごむし,2024-03-09T13:38:34Z,1,浦安だったか千葉で醤油が大量生産され始めて、それで醤油が安価になったから東京で流行り始めたんやで。納豆が粒のままで醤油で食べるようになった理由もそれや。醤油が千葉で大量生産されて江戸で安うなったからや。薄口のが塩分高いのは突っ込まないが,https://yt3.ggpht.com/BMuNZ_og-rcS8uGHbkeTFWZdzeKOfnc1pHuLz4YT-Rp2X44m3hSKV-tsmuqEvr8CKrgDOD1Ihg=s48-c-k-c0x00ffffff-no-rj,https://www.youtube.com/watch?v=FHsIus9tAHM
UgxZ6ezkKdQzCf2swQp4AaABAg,Thread,,@muuu8243,2024-03-17T18:36:22Z,0,座敷に腰掛けて食べる勝新座頭市と椅子とテーブルで卓を囲んで食べる鬼平の場面が印象的でした。後者は撮影の都合で江戸時代にはないスタイルなので座頭市の方がより正確な描写と言えそうです。,https://yt3.ggpht.com/ytc/AIdro_kFMKYhG1qGCcqf5fHtJGUGn6xBOWxdyvA7G6AJzGw=s48-c-k-c0x00ffffff-no-rj,https://www.youtube.com/watch?v=FHsIus9tAHM
UgxLvUp8w1uFRFcDDjZ4AaABAg,Thread,,@sayomagaya-zu,2024-03-23T02:54:56Z,0,鯰料理の店に行ったことがあったな。,https://yt3.ggpht.com/ytc/AIdro_lu2GvO15oLoFqtmkrWoInS2HA3EvUIuYaSEl5ezEb8Gvc30M1jhmQ3R_ZkJAHMGki_Pw=s48-c-k-c0x00ffffff-no-rj,https://www.youtube.com/watch?v=FHsIus9tAHM
UgztASaAvxgvmnwsYQh4AaABAg,Thread,,@user-ru5ww5ww5y,2025-03-17T21:19:10Z,1,私の母の時代には母の田舎では  まだ  水車で動かして おコメを精米する精米所があったそうです   子供の頃に母から聞きました,https://yt3.ggpht.com/lCC7u4kQdOWfzAfeo5P4WDZNrje65f8zcbUijGmtNhObaQO9H7Y2jkhoaK95f7bgb3SFSbF0yko=s48-c-k-c0x00ffffff-no-rj,https://www.youtube.com/watch?v=FHsIus9tAHM
Ugw-oSR2x2ZwOrhSxnZ4AaABAg,Thread,,@butare3104,2024-09-16T16:55:02Z,0,非常に参考になりましました！,https://yt3.ggpht.com/ytc/AIdro_kPqelpk1hXdChtpGBbuo_NGOxCYR-IkJFDA3QReU4=s48-c-k-c0x00ffffff-no-rj,https://www.youtube.com/watch?v=FHsIus9tAHM
UgwrtwdQRj-ifxDinlt4AaABAg,Thread,,@echigon3693,2024-11-09T12:08:28Z,0,"こういうの好き、自分で体感しようとやって見たりします笑
体と相談して",https://yt3.ggpht.com/ytc/AIdro_md6ikoamEA83pTxHzNxIu0kWwBixw_RWvpNNHrZtvUmA=s48-c-k-c0x00ffffff-no-rj,https://www.youtube.com/watch?v=FHsIus9tAHM
UgyAEi6nlI7R0Ye8-Kp4AaABAg,Thread,,@トモネン007,2024-02-26T14:40:07Z,51,勉強になるし、とても面白い。祖国日本の事なのに知らない事だらけで外国人に近い感覚になります。チャンネル登録させて頂きます。,https://yt3.ggpht.com/ytc/AIdro_kr4Z1f83Osak7djOkzbXusVoqDVRMNkhXMp5WIu2Y=s48-c-k-c0x00ffffff-no-rj,https://www.youtube.com/watch?v=FHsIus9tAHM
UgzLAENANI_Z1XcLzEd4AaABAg,Thread,,@鈴木貴司-t9p,2024-01-18T11:14:46Z,2,そばくいたくなった😊,https://yt3.ggpht.com/ytc/AIdro_lz-gaAkNHT2fRDVv8aMJGVB-Uf2Ohkf6rCdmt0cR4=s48-c-k-c0x00ffffff-no-rj,https://www.youtube.com/watch?v=FHsIus9tAHM
UgzFdhL-PPwBzjedmmp4AaABAg,Thread,,@アニマル探偵団-mk,2024-03-15T13:26:52Z,2,"濃口よりも薄口の方が塩分濃度が高いです。
濃口、薄口は色の濃さを表していて、関西では素材そのものの色が調味料によって変わるのを嫌うらしく、そのため、薄口を使用するそうです。さらに使用する量自体も少なくするために塩分濃度が高くなっているとのこと(諸説あり）

関東の方が料理に醤油を大量に使用するので関東の料理の方が塩分濃度は高いです。",https://yt3.ggpht.com/RShxZH3ugth8gQJVoo1BfugEW-I7E0PGMHGEAzoOgGrP3L8ipzlx2sWrriDyBg_t-JQASY-8UA=s48-c-k-c0x00ffffff-no-rj,https://www.youtube.com/watch?v=FHsIus9tAHM
Ugxu_KWx2W5Pu5gXlxJ4AaABAg,Thread,,@カラス天狗-k2l,2024-05-26T00:03:54Z,0,桜だ門外の変、なるほど食の恨みと思いました。感動です。,https://yt3.ggpht.com/ytc/AIdro_m1Q9Mo6ZQiLd8qrS5YaQaS9ZamWRoTsnc1WJwyBDk=s48-c-k-c0x00ffffff-no-rj,https://www.youtube.com/watch?v=FHsIus9tAHM
Ugx-6TfwiMadBJXQwYB4AaABAg,Thread,,@user-kr1bu6rl2q,2024-05-18T22:13:56Z,1,"11:34
道場六三郎さん！",https://yt3.ggpht.com/KFSM9pMXIq5INAM__JjlfsqiSa40UN6h1WjnrlbUOhDx2q2sabfkfXq38Odo__RTU8h42KhGDA=s48-c-k-c0x00ffffff-no-rj,https://www.youtube.com/watch?v=FHsIus9tAHM
UgxDH_l5dhI-0KiH1wB4AaABAg,Thread,,@山ちゃんかもしれない,2024-09-26T11:35:48Z,0,"さいとうたかを先生が描いた藤枝梅安の漫画で、どじょう鍋を「これは精が付く‥」と言いながら食べる場面が有った。
なんか気になって調べたら、どじょう鍋に入ってるゴボウ（牛蒡）が当時は「 精が付く食べ物 」と言われた高級食材だと知った。
“ 亜鉛 ” を含むミネラル類を多く含むゴボウ（牛蒡）は、漢方薬の材料にも記されてる事もそれまで知らなかった。",https://yt3.ggpht.com/ytc/AIdro_nxVsg2YYziQ9V-yCVAEH_nxaFMNy2IQL09WwXX0TsTNrq88oE=s48-c-k-c0x00ffffff-no-rj,https://www.youtube.com/watch?v=FHsIus9tAHM
Ugy48mtEczHFMgKJ2S14AaABAg,Thread,,@hi777ro,2024-01-17T20:45:27Z,7,良くありがちなつまらないイメージ画像がなく全て関連画像でいいですね。,https://yt3.ggpht.com/ytc/AIdro_lZJbpWbVdN7i3MDYRLF61XPwkgbPNYKDdY-cEQiR8=s48-c-k-c0x00ffffff-no-rj,https://www.youtube.com/watch?v=FHsIus9tAHM
UgxmvQS5IeA5Pe1vNOF4AaABAg,Thread,,@hiroya777100,2025-01-18T00:35:06Z,0,見てるとやたら腹が減ってくる,https://yt3.ggpht.com/ytc/AIdro_kXYveyiuziFgrEI0XUQc6tcKsk5yqoQwBXV7M30bN-efo=s48-c-k-c0x00ffffff-no-rj,https://www.youtube.com/watch?v=FHsIus9tAHM
Ugy2VSFdBCaidDRR_n14AaABAg,Thread,,@91channel91,2024-03-20T21:53:10Z,0,11:48  道場さんだよね。,https://yt3.ggpht.com/flFHAL5LaZA8AYUKF-KxCjprPru_R20UhlFC-MJDIlG015FEeJL6oBwYlYLqoCwV3E72fqlK=s48-c-k-c0x00ffffff-no-rj,https://www.youtube.com/watch?v=FHsIus9tAHM
UgwNzWF_7qXJOUITeyx4AaABAg,Thread,,@yunizon7476,2025-03-08T00:00:04Z,1,糖尿病が多いのも納得です。,https://yt3.ggpht.com/dO3VNQDoR5JlCCNf45WZKofY_1_XSQxZxORXqrz93j5T2Xgmg3mcRc6PbzidZ2gQ0ate8WV0kg=s48-c-k-c0x00ffffff-no-rj,https://www.youtube.com/watch?v=FHsIus9tAHM
UgxGrErIlJhBABfNNpF4AaABAg,Thread,,@ernest1763,2024-01-19T23:24:18Z,3,よくこんな乏しいおかずと🍚で江戸から大阪まで歩く事が出来たのが不思議⁉️,https://yt3.ggpht.com/ytc/AIdro_m2gSlRZ8pnKJyCcGdJLGFQ9gRQp0EvqSYZSulf8MYqwOgLgQf6khYraMqkL0JYWSFS6w=s48-c-k-c0x00ffffff-no-rj,https://www.youtube.com/watch?v=FHsIus9tAHM
UgyhiPNZWnH906nriuN4AaABAg,Thread,,@tomoto77,2024-05-20T03:38:36Z,0,醤油番付、今の大手でお馴染みの、屋号が前頭のヒゲタ（銚子）と関脇の亀甲萬（野田）がちゃんとありますね,https://yt3.ggpht.com/ytc/AIdro_lEc4AZtal9x-DWh18Ehv-zYTEZ_WFKgPaUUs243zH2yg=s48-c-k-c0x00ffffff-no-rj,https://www.youtube.com/watch?v=FHsIus9tAHM
UgwGPe3taI6fzAyOn314AaABAg,Thread,,@書いても基本返信見ません,2025-01-28T13:00:56Z,1,美味そうだな。,https://yt3.ggpht.com/OQrrf8Q8plr9BdH1A9DKvLjvc5icCXqXDpY39E8ucdv_bQ8vNgi5dPjEzH6MuVk9ZWHAoBP8=s48-c-k-c0x00ffffff-no-rj,https://www.youtube.com/watch?v=FHsIus9tAHM
UgylxST7KnXElRBy1T54AaABAg,Thread,,@鬼軍曹-k6m,2024-03-16T08:18:48Z,0,こういう食い物の動画はどうしても観てしまう。,https://yt3.ggpht.com/ytc/AIdro_kTbaIXchkTZIRELlbSDWH3fAzPShByFlGumYSSY-A=s48-c-k-c0x00ffffff-no-rj,https://www.youtube.com/watch?v=FHsIus9tAHM
UgzFOYP7r1-sG72O-IN4AaABAg,Thread,,@shield4161,2024-02-20T15:06:46Z,0,江戸番屋と焼き芋の普及の関係についても触れて欲しかったな。,https://yt3.ggpht.com/l2hNy2EhRrBH8P2bzgBRLvuqekek2yFBBQVd8x80ciUUL9toF5iqPNo1JJmd-H8gBHY-TjuEjA=s48-c-k-c0x00ffffff-no-rj,https://www.youtube.com/watch?v=FHsIus9tAHM
UgxZH3pviFVbdZlKogZ4AaABAg,Thread,,@JJ-fw2ig,2024-03-09T16:02:31Z,1,6:55 薄口醤油のが塩分は多いのだが？,https://yt3.ggpht.com/vXCJL1YuhOH8n6zDyFBDx3onTK22BsFibjG7w0zik9dYanm7TcKpxNQ_Ah_lBy5gdMI1rmaKWw=s48-c-k-c0x00ffffff-no-rj,https://www.youtube.com/watch?v=FHsIus9tAHM
UgztPgEoMgyph4Rdlst4AaABAg,Thread,,@にゃんぽ-o2w,2024-02-25T16:21:54Z,1,楽しませていただきました🤗うな重が生まれたのは出前で冷めてしまう客の声が多くご飯を敷いたのが始まりで、タレの染みたご飯が旨いと評判に！…天婦羅は火事が怖くて屋台しか許可されなかったとも聞きました。,https://yt3.ggpht.com/ytc/AIdro_mjkODzChz9AxgXOLubdh8S74XyuUtuJZW7OqCN5lFVkQ=s48-c-k-c0x00ffffff-no-rj,https://www.youtube.com/watch?v=FHsIus9tAHM
UgxHWGexQYdM0faIDV14AaABAg,Thread,,@山田太郎-j7o8f,2024-03-01T19:30:49Z,1,寿司は玄米だとポロポロと崩れてしまうし、味にもクセがあるから精米と白米が発展したあとじゃないと寿司も流行らなかったんじゃないかと思いました。,https://yt3.ggpht.com/ytc/AIdro_mMUE9i-t5ixZmoXjfM7s-ue6bNjGUB5TpI1lT-9VcEzQ8H=s48-c-k-c0x00ffffff-no-rj,https://www.youtube.com/watch?v=FHsIus9tAHM
UgzwyFA_ZhuAmDZijz54AaABAg,Thread,,@鬼饅頭太郎,2024-07-31T09:09:43Z,1,台所周り、火が現代のように簡単に調整も出来ないですし、竈を複数用意出来るのは武家屋敷や商家のような多人数が居る処に限られていたんじゃないですかね。すると作れる料理数にも影響しますし。,https://yt3.ggpht.com/ytc/AIdro_nX4HfiXY6W7mAzsZPP4xrRi4LVwy3DxJ8n5bP9lQBRqqbrj1s=s48-c-k-c0x00ffffff-no-rj,https://www.youtube.com/watch?v=FHsIus9tAHM
UgxQZbAz8mfePttZRQB4AaABAg,Thread,,@まわりマワリ,2024-05-01T11:42:14Z,1,勝新太郎を知らない世代だけど、この白飯の食い方は死ぬほどうまそう,https://yt3.ggpht.com/XkNgO_FWhQfz3I8f_wuIIO7lI8zmltB-I42Pb7Kh194v1fmRzU-7J1bFKvF2a3uDNMwBEAVlhA=s48-c-k-c0x00ffffff-no-rj,https://www.youtube.com/watch?v=FHsIus9tAHM
UgxU1kricd8dQntSeOp4AaABAg,Thread,,@うぃうぃ-c9l,2024-03-24T01:09:56Z,0,納豆は近年まで一部の地域でしか食べないのに国民食扱いなの面白い,https://yt3.ggpht.com/ytc/AIdro_mHiS5TxLl_N8Cndrm7PCtBHUS0Wr-geoWbnma1meo=s48-c-k-c0x00ffffff-no-rj,https://www.youtube.com/watch?v=FHsIus9tAHM
UgwM6OiTEB20IIdHEqB4AaABAg,Thread,,@ゆうかママ-t5l,2024-12-01T03:34:48Z,0,鬼平犯科帳では、五鉄の軍鶏鍋のシーンが、出てきましたが、この季節になると、父が鴨を獲ってきて、鴨鍋をよく食べて…,https://yt3.ggpht.com/ytc/AIdro_nHe2oDY8hdV-6K2CsvLnxZ9WUjpF2Lmyxsw1_c-aZbv7s=s48-c-k-c0x00ffffff-no-rj,https://www.youtube.com/watch?v=FHsIus9tAHM
UgwSHgoP-1SK-OLwfLZ4AaABAg,Thread,,@わんわんお-g6h,2025-02-28T17:29:28Z,0,深夜に見る動画じゃなかった😂,https://yt3.ggpht.com/ytc/AIdro_nS2JpLsWZzStF1TyH27mrWzL8BJPfUYEJjhLTvVPY=s48-c-k-c0x00ffffff-no-rj,https://www.youtube.com/watch?v=FHsIus9tAHM
UgwY7Jx1c8QpYBb_oRd4AaABAg,Thread,,@朝食は何にしようかな,2024-07-12T04:54:31Z,1,納豆卵かけごはんにぬか漬けは　よくたべています,https://yt3.ggpht.com/ytc/AIdro_nUzr9Zjp4TSjTOsELKrM6GTSBIOiP7psrgMGqU5ah-EeA=s48-c-k-c0x00ffffff-no-rj,https://www.youtube.com/watch?v=FHsIus9tAHM
UgybP3uC8j4GO8erPJV4AaABAg,Thread,,@道雪立花-d8m,2024-09-03T11:34:53Z,0,"すごい。専門家
よく調べてるなあ",https://yt3.ggpht.com/ytc/AIdro_nfujDFkaQm3zR9tbGTkhAWx7VWHqHajiqQLeZoFpE=s48-c-k-c0x00ffffff-no-rj,https://www.youtube.com/watch?v=FHsIus9tAHM
Ugxqi1mToeEA9Fmvhnh4AaABAg,Thread,,@通称ヨッシー,2024-11-04T08:33:16Z,1,こういうの面白い！,https://yt3.ggpht.com/3uK1keUTJy8_pEuFRAYuPJUDwRZyn5Of68sKEe-IK8Yqv5IDj2I481GTTmRqwvGnktisbcBv2H0=s48-c-k-c0x00ffffff-no-rj,https://www.youtube.com/watch?v=FHsIus9tAHM
UgyU8Zi5WINc7oo4Yyt4AaABAg,Thread,,@kazu16-50,2024-12-28T03:31:54Z,0,大関の高梨兵左衛門は花輪とありますが現在の野田市の上花輪に位置するので野田の醤油ですね,https://yt3.ggpht.com/jphF8blil8vOu5NOldArV3dojObCGDDaAXe6SN8LnkqXXRWFteEptf2s7xxXF1wDBIqSDgvECnc=s48-c-k-c0x00ffffff-no-rj,https://www.youtube.com/watch?v=FHsIus9tAHM
Ugz7MzuLRhLcZMolkUB4AaABAg,Thread,,@白いカラス-c7w,2024-01-18T09:17:04Z,7,勝新の汚い食べ方が美味そうに見えるる。,https://yt3.ggpht.com/ytc/AIdro_kLAR5qJgus986wbH2t2jW7TcqQVb1QlPYg0AY4hNKx24nX5Ac=s48-c-k-c0x00ffffff-no-rj,https://www.youtube.com/watch?v=FHsIus9tAHM
UgzPxKawuahO_iKKA7N4AaABAg,Thread,,@AM-kf7rz,2024-02-25T13:24:59Z,0,農機具の籾すり機をトースと言います。唐臼から来てるのでしたか・・・。,https://yt3.ggpht.com/J2RVN1h8HEk6Y8ylRVMQUSjzxBxiwLoKsTLWX6hmLdC2uzzL1G6QI0LhywXhGzcyRwvJZ_HSYw=s48-c-k-c0x00ffffff-no-rj,https://www.youtube.com/watch?v=FHsIus9tAHM
UgxksSsPeemZ_etyVst4AaABAg,Thread,,@chiiiii1370,2024-02-22T20:32:53Z,3,確かおかずの番付ありましたよね？メジャーな物じゃないので、庶民の主婦が作るおかずを知りたいですね。,https://yt3.ggpht.com/aFmygVY8OSAIvq3PUuLhab-XERFBRiBqDEja_-Zvnh1ioaQjOQN98D68KDNBxuLzSnHsIMM3=s48-c-k-c0x00ffffff-no-rj,https://www.youtube.com/watch?v=FHsIus9tAHM
Ugxegm1qPdKUe-MTYjl4AaABAg,Thread,,@夏目千鶴-h4y,2024-02-09T04:42:33Z,5,"とても面白い動画です。
納豆やお豆腐は栄養価も高く、江戸の人達も食べていたのですね。
up、ありがとう❤️",https://yt3.ggpht.com/ytc/AIdro_lDs1zgKohfC19zz8jJfrGeqCupPA7UJcU4z_movEyLtqg=s48-c-k-c0x00ffffff-no-rj,https://www.youtube.com/watch?v=FHsIus9tAHM
UgwS4_rdTyZntHF-19N4AaABAg,Thread,,@HAYATE6775,2025-03-18T06:55:49Z,1,"江戸は大トロとか鰻とか油の多いものが嫌われていたんだ
傷みやすいってのもあるかな",https://yt3.ggpht.com/d920tJCQ83RyzLEF3fHzhf3crTNmrBQ5egGdd_bcjCefDWQ3lEIufUjalFne7okLR0lQ3Vahuq0=s48-c-k-c0x00ffffff-no-rj,https://www.youtube.com/watch?v=FHsIus9tAHM
UgxvEX-locvfSOmA15d4AaABAg,Thread,,@user-qd5vj8zm4j,2024-02-28T12:29:27Z,1,"やはり鬼平犯科帳の食事シーンは懐かしいですね、あと俳優の仲谷昇さんはニンベンがつきますよ。
大阪万博の頃に見たキイハンターのテロップも゙ニンベンついていましたよ。、",https://yt3.ggpht.com/ytc/AIdro_ng7vHaffBlDgcZt-hFflmrxaEfzqD8ZWp33-TCrZ20IdE=s48-c-k-c0x00ffffff-no-rj,https://www.youtube.com/watch?v=FHsIus9tAHM
UgwYubUbsdnK_fN0rUN4AaABAg,Thread,,@neko_neko_neeeko,2024-07-11T06:23:35Z,0,なんでか分からないけどこち亀見たくなる笑,https://yt3.ggpht.com/CnJRAgUONOYistFW-8bEBGSTpHovIlULAgm37lT9RadRzPOhHfYmXzHC8LVv4hSpxVdAMA2AyVs=s48-c-k-c0x00ffffff-no-rj,https://www.youtube.com/watch?v=FHsIus9tAHM
UgymykUzpWVmzjQYWEZ4AaABAg,Thread,,@sesoseri,2024-03-15T15:48:54Z,1,6:50 キッコーマンの創業者達おるな,https://yt3.ggpht.com/ytc/AIdro_lE0ijflrwAW0SDZoBS6UoGgkOr4w5VhISRElszb6k=s48-c-k-c0x00ffffff-no-rj,https://www.youtube.com/watch?v=FHsIus9tAHM
UgzqwuiGugdKibV2boJ4AaABAg,Thread,,@groovevox,2025-03-31T17:49:57Z,0,醤油の薄口濃い口は色の話であって、薄口醤油のほうが塩分が濃くてからいのです,https://yt3.ggpht.com/ytc/AIdro_nTxYNXC8ch6fM2oruvjiWyBCgKQMeaLWGtbkJU-UU=s48-c-k-c0x00ffffff-no-rj,https://www.youtube.com/watch?v=FHsIus9tAHM
UgyRiUJ8Tw11sIZYPCh4AaABAg,Thread,,@福竜-k6k,2024-03-10T10:08:23Z,0,おぅウサギよ、昼からオマエのお気に入りのアの茶店のあたりを見廻ろうか😊,https://yt3.ggpht.com/ytc/AIdro_mNfB47xfFp52arrKCLwoxvdKJDFpxcvTMOHVRBlwvdYbLzLGQyjw_M6jI5ijg4te31nAVEoV97=s48-c-k-c0x00ffffff-no-rj,https://www.youtube.com/watch?v=FHsIus9tAHM
UgyhErIAhdgQSTcwzXh4AaABAg,Thread,,@hrn5585,2024-05-24T10:05:25Z,39,本来こういった食い物で十分なんだろうけど,https://yt3.ggpht.com/ytc/AIdro_mVfxZJswDkezwDkodcPkQvF4NpT91XlKy4iddHOgk=s48-c-k-c0x00ffffff-no-rj,https://www.youtube.com/watch?v=FHsIus9tAHM
UgyhErIAhdgQSTcwzXh4AaABAg.A3oj63ciyGcA78AJrXUp5M,Reply,UgyhErIAhdgQSTcwzXh4AaABAg,@美女と野獣-d5m,2024-08-14T22:10:58Z,4,マクド最高〜クチャクチャ,https://yt3.ggpht.com/qb2BGUUUaWEIReDNPr26EGIjd5bVKQFETa9TamRgolJY2Bu2wgzr1hNSV69mZBRl2d0-mKYg_A=s48-c-k-c0x00ffffff-no-rj,https://www.youtube.com/watch?v=FHsIus9tAHM
UgyhErIAhdgQSTcwzXh4AaABAg.A3oj63ciyGcA7F6kWqiUqf,Reply,UgyhErIAhdgQSTcwzXh4AaABAg,@tokoname19790803,2024-08-17T14:54:28Z,7,現代日本人の生活サイクルで江戸と同じ食生活送ったら肥満等の健康被害受けそうですね、なんせ男性で主食の御飯1日五合(白米で約750g、炊いた状態で約1750g、家族だと毎日一人が一体づつ専用の5合炊き炊飯器で炊いて食べ切る計算)平気で食べるのが常識な世界ですからね。,https://yt3.ggpht.com/ytc/AIdro_kQdy2AUdMy9OY_UTs-Gzoge3cMvz1Rj-tLNtAk_EqnZJ0=s48-c-k-c0x00ffffff-no-rj,https://www.youtube.com/watch?v=FHsIus9tAHM
UgyhErIAhdgQSTcwzXh4AaABAg.A3oj63ciyGcABN8PwyTNbC,Reply,UgyhErIAhdgQSTcwzXh4AaABAg,@momotaaro,2024-11-28T03:48:30Z,1,意外と毎日米5合食っても、糖尿病は少なかったのかな？,https://yt3.ggpht.com/KnuzV7xsjrHzIsUDpOXwhYQkr05KqIgJ1g0z8SBWQUM7HHoGLj2eyl5f7gkx6VsamNdLME6x=s48-c-k-c0x00ffffff-no-rj,https://www.youtube.com/watch?v=FHsIus9tAHM
UgyhErIAhdgQSTcwzXh4AaABAg.A3oj63ciyGcABZ4AugaWsQ,Reply,UgyhErIAhdgQSTcwzXh4AaABAg,@Izac_G,2024-12-02T19:02:23Z,0,@momotaaro消費カロリーがレベチやからね,https://yt3.ggpht.com/wDpiz2sBF2JmYNnqEVyAAi3L-k290tOFeqrF9d52pIAFyqZV5uzw08I_uW3CnNseAOil6FBiGAA=s48-c-k-c0x00ffffff-no-rj,https://www.youtube.com/watch?v=FHsIus9tAHM
UgyhErIAhdgQSTcwzXh4AaABAg.A3oj63ciyGcABlgwrV6P3H,Reply,UgyhErIAhdgQSTcwzXh4AaABAg,@ブドウ人間,2024-12-08T01:59:59Z,0,玄米だからせーふ😂​@momotaaro,https://yt3.ggpht.com/WDlJQEJt3rkjbLb-1qA7bfyxOq_TBMLEVpGyd8271reANFftTwK-qR3k5zNw9pEsTMtsGV-AXg=s48-c-k-c0x00ffffff-no-rj,https://www.youtube.com/watch?v=FHsIus9tAHM
UgwNeYAEiFZrguKsQAJ4AaABAg,Thread,,@ichijikuatama,2024-01-17T14:17:03Z,19,1:19 麦や雑穀混ぜたの・・・今ではそっちの方が高級品,https://yt3.ggpht.com/ytc/AIdro_nEStpa_MIliIWuWm02dGwv1MEdvXJfMhOW51JFK5s=s48-c-k-c0x00ffffff-no-rj,https://www.youtube.com/watch?v=FHsIus9tAHM
UgwNeYAEiFZrguKsQAJ4AaABAg.9zfa91e0Ljs9zfkO8OKdxV,Reply,UgwNeYAEiFZrguKsQAJ4AaABAg,@ミックスミッキー-z2g,2024-01-17T15:46:29Z,2,硬いからご飯と一緒に蒸した方がよく煮えるね。混ぜご飯,https://yt3.ggpht.com/ytc/AIdro_nGtC3YQskLeagdbXYsngJZDaOJ7I0FgmwxLCmD-Ao8DQ=s48-c-k-c0x00ffffff-no-rj,https://www.youtube.com/watch?v=FHsIus9tAHM
UgwNeYAEiFZrguKsQAJ4AaABAg.9zfa91e0LjsA-iLrLMH_fj,Reply,UgwNeYAEiFZrguKsQAJ4AaABAg,@知花信,2024-02-12T12:32:32Z,1,"混ぜごはんやとおかずが減るよ

ぼくの場合

白米10㌔+玄米1㌔+もち米1㌔ベースでおこわ飯

おかゆモードで一六穀と麦ブレンド

たまに食べる外食やパックごはんの白米がめっさ美味い

コンビニの白米おにぎりもw",https://yt3.ggpht.com/ytc/AIdro_mTtKhJmHzpf6Ex63J1kC_GnSuTJ_PMydU12KsOQj0=s48-c-k-c0x00ffffff-no-rj,https://www.youtube.com/watch?v=FHsIus9tAHM
UgwNeYAEiFZrguKsQAJ4AaABAg.9zfa91e0LjsA-yrEO4lp-H,Reply,UgwNeYAEiFZrguKsQAJ4AaABAg,@権兵衛-b4n,2024-02-18T22:23:17Z,1,健康志向の商品だから、有機栽培や自然栽培だったりで付加価値つけてますから。,https://yt3.ggpht.com/ytc/AIdro_m18_OrhRNm8w21sEEKKOvr4xmFA7TIAVd6kNb9M2LtnXT-FQc=s48-c-k-c0x00ffffff-no-rj,https://www.youtube.com/watch?v=FHsIus9tAHM
UgwNeYAEiFZrguKsQAJ4AaABAg.9zfa91e0LjsA0nZLHTlK7c,Reply,UgwNeYAEiFZrguKsQAJ4AaABAg,@shirogane_ALTO,2024-03-10T09:37:57Z,1,"コメ１合に目分量でざらっと黒米だか赤米入の雑穀混ぜてるわ（；＾ω＾）
ちょっと硬いほうが好きだし。←むしろ黒米だけでもいける人",https://yt3.ggpht.com/t_B2b1CTqAIrlOiwhwz2m_TfsnQy9rK4dtB7aY4ZxdsoemZpRI2tcOm98I05MKP7YghdqIld=s48-c-k-c0x00ffffff-no-rj,https://www.youtube.com/watch?v=FHsIus9tAHM
Ugwo8On3HlxNsoMITgx4AaABAg,Thread,,@mokomoko4399,2024-02-08T12:34:49Z,0,"上野広小路って今もあるけど
こういう意味だったんですね",https://yt3.ggpht.com/ytc/AIdro_l_bxullz9T7A1XCLyO4oQ4csGRJ7ZQ5GJI2Dry-NI5IQ=s48-c-k-c0x00ffffff-no-rj,https://www.youtube.com/watch?v=FHsIus9tAHM
UgyCvZpkm_PEagb4P554AaABAg,Thread,,@taka1370,2024-02-03T23:55:53Z,1,よく江戸のことを調べていらっしゃいますね❤,https://yt3.ggpht.com/ugc9uNbkfPAxOgX79v6NL80CJ6NyUZaHmYEEW7qrXRRkwniXIyvKSbrb7OV78Eox3TUHl5yDXA=s48-c-k-c0x00ffffff-no-rj,https://www.youtube.com/watch?v=FHsIus9tAHM
Ugx2xmtii39aNjbvNUJ4AaABAg,Thread,,@Votakuheads-SR,2024-11-13T12:44:02Z,0,夏に熱いもの美味しそう😮,https://yt3.ggpht.com/sOt9H2HTBpBgbmW9jrew_Ox6CjFlfMc1PMGdMjFWp_o97t24F1fBD_3BtqKq54jB1FXwYXXctg=s48-c-k-c0x00ffffff-no-rj,https://www.youtube.com/watch?v=FHsIus9tAHM
UgxVylLXGqqlm3vw7Ft4AaABAg,Thread,,@chromheart193,2024-07-26T00:19:10Z,0,"11:46
料理の鉄人で有名な料理人、
道場 六三郎",https://yt3.ggpht.com/fq6bUZ8tAuvExMhL9Vr8lmtz_n9BFlyk0jTW46NiJPYY49M1Wq5zc42DtmSNwwNV-7qLsfl8=s48-c-k-c0x00ffffff-no-rj,https://www.youtube.com/watch?v=FHsIus9tAHM
Ugyjl82JNrN1AexIv_F4AaABAg,Thread,,@中川京-x5p,2024-06-10T16:57:58Z,6,今では米より雑穀米や麦飯の方が高いもんね。糖尿ではないけど気になるので麦を米に混ぜて炊いて食べてます。,https://yt3.ggpht.com/ytc/AIdro_mHABxys7o5BOumMvW-CcSaJcTwNat-vFvWX1bRKzwOsvGYa84=s48-c-k-c0x00ffffff-no-rj,https://www.youtube.com/watch?v=FHsIus9tAHM
Ugw-d96r7UZVYzA6sWB4AaABAg,Thread,,@奥田ペレ,2024-03-10T12:35:55Z,1,"いや、とても面白くて為になる動画を観させてもらいました。
私は７０になりますが知らない事ばかりでしたね。
サクラとかカシワなどの肉の名称も耳にしてはいたのですが、
由来を聞いて合点がいきました。
良く調べあげた素晴らしい動画、有難うございました。",https://yt3.ggpht.com/ytc/AIdro_nwUfJQmGYrVROyv_Rdh1kSblui3wri81QwcdAoxgw=s48-c-k-c0x00ffffff-no-rj,https://www.youtube.com/watch?v=FHsIus9tAHM
UgxFMufpXRSyDHosCAR4AaABAg,Thread,,@F5フゴー,2025-01-24T12:09:50Z,1,江戸で濃口醤油が好まれたのは、上方の薄口醤油は値段が高く、関東圏の濃口は安かったからが有力らしいです。,https://yt3.ggpht.com/ytc/AIdro_mysb9RJeRSL9-QmKZIafpn7vrW1c24fI83P-Un6Z8=s48-c-k-c0x00ffffff-no-rj,https://www.youtube.com/watch?v=FHsIus9tAHM
Ugz6yN8ukvTHVinu1zd4AaABAg,Thread,,@mephist29,2024-08-19T11:44:45Z,0,井伊直弼の話は面白かったです特に😊,https://yt3.ggpht.com/ytc/AIdro_nsFhpk8wWibucWBWoN6UnDlmFJ918oFF8jwdOadZw=s48-c-k-c0x00ffffff-no-rj,https://www.youtube.com/watch?v=FHsIus9tAHM
Ugy3CacwouYQLtdYlU14AaABAg,Thread,,@hontama1,2024-02-27T03:35:31Z,0,あ！道場六三郎さんが、鬼平で蕎麦屋の主人で出演してたんですね！,https://yt3.ggpht.com/ytc/AIdro_lI-LvdgWSD4MSU15lP4zmd5jkPM6sJwGdeicqhdXLTsQ=s48-c-k-c0x00ffffff-no-rj,https://www.youtube.com/watch?v=FHsIus9tAHM
Ugw4gtfsCp_kDECly9R4AaABAg,Thread,,@TM-qd5jm,2024-01-18T20:45:19Z,12,"すっごく面白かったです！！素晴らしい動画で永久保存版だとも思いました！作成してくださってありがとうございます！！
海外の人にも見て欲しい＾＾ｂ",https://yt3.ggpht.com/tM1_tCG_sovMYwR6ss_MTkHcIPzfnRyxZo1VxwPmaqx-rG2I7YoHasJDGiTJ5YeF5NZX8BwJVg=s48-c-k-c0x00ffffff-no-rj,https://www.youtube.com/watch?v=FHsIus9tAHM
UgyxvPxgk0srLr2vNCZ4AaABAg,Thread,,@こんにゃご,2024-09-09T06:15:42Z,0,"飯テロが過ぎますね・・・どれも美味そうです。日本酒が幾らでも呑めてしまいそう。
それにしても、昔はフジテレビはこんな良い時代劇を創れてたんですね。なんだかなぁ・・・",https://yt3.ggpht.com/ytc/AIdro_kR3qSdCmnRqw7us9sCBf6kxLp4qdJRfisj2BNhLmCdAbgZViO2gd2n5HDduSjndQRBfG6N=s48-c-k-c0x00ffffff-no-rj,https://www.youtube.com/watch?v=FHsIus9tAHM
UgyeIXQki73isJPYN8Z4AaABAg,Thread,,@おとはまちゃん,2024-03-09T03:41:19Z,1,初鰹１匹８両　@@,https://yt3.ggpht.com/bC-MRszK9hjht6nKwcTcrq96G1Gp_cFZ_-O3pUITMERAM6L43LEbroP2Y4WBTntdi9YR3riIDnQ=s48-c-k-c0x00ffffff-no-rj,https://www.youtube.com/watch?v=FHsIus9tAHM
UgzISizqICR3-HuQSsp4AaABAg,Thread,,@名前はまだ無い-j2d,2024-04-18T08:58:38Z,0,"俳句では納豆は冬の季語で
冬によく食べられていたみたいだよ",https://yt3.ggpht.com/ytc/AIdro_k9aEEF3o5oYgabz2_ExF_ANA9k8Q2mv3v2J9UPnd6s3A=s48-c-k-c0x00ffffff-no-rj,https://www.youtube.com/watch?v=FHsIus9tAHM
Ugz35u4Wl87tnutGBst4AaABAg,Thread,,@metalheadbanker,2024-03-19T20:36:48Z,0,"一汁一菜がだからこそ、おかずを大切に食べて咀嚼数を増やして
食べ物の有り難みも感じられる最高の食事だとオレは思う。

実際に豪勢な食べ物食べるより
たくあんとお茶漬け一杯の方が美味しく感じる。
オススメは味噌汁に納豆入れて食べる江戸時代の主流の食べ方が好き。",https://yt3.ggpht.com/ytc/AIdro_k_DnJEkFqxz37tVXS4JMQTfGUccHJiue5iRl0X5v3min8=s48-c-k-c0x00ffffff-no-rj,https://www.youtube.com/watch?v=FHsIus9tAHM
UgxQSXaoi-YSz2LHtzd4AaABAg,Thread,,@marina-7207,2024-03-13T15:08:55Z,0,白いご飯だったんだ,https://yt3.ggpht.com/ytc/AIdro_lhVCkCz2gIXJxBA3Z0Dn6iuUuDVgSP8SFM5fpNn7fpXcOu=s48-c-k-c0x00ffffff-no-rj,https://www.youtube.com/watch?v=FHsIus9tAHM
Ugzg_rnzTwN1bua8GRd4AaABAg,Thread,,@淳平ctu,2024-08-20T02:52:37Z,0,"素晴らしい内容でした
最初の電話や「もしもし」の解説を見ていて、健在なら今なら百数十歳の祖母と子供の頃話していた私は
おいおい大袈裟だなぁと興味半分に拝見していましたが、最後の方にはすっかり虜になっていました
よくぞここまでお調べになったことが素晴らしいです
この「です」についても目から鱗でした
10数年前は仕事で現場の警◯官と電話で話す時にはお互いいつも「もし」でした。「もしもし」ではありません 笑
その当時、すでに退職して嘱託でいた先輩から話を聞くと1963年のオリンピックの時は既にそう言っていたと
そして「もし」はﾀﾋ人の言葉で「もしもし」は人間の言葉だから現場で「もし」と言われたら気をつけろよ、と言われました
ﾀﾋ亡事故現場に向かう新人の私はその話がとても怖かったものです",https://yt3.ggpht.com/zchgZJTq-0sJcQJmIQKS5M753bqOVtIGBU1ufUbLa28r5kvPutSivy5Yte7VuDWWG3zNeOK_SA=s48-c-k-c0x00ffffff-no-rj,https://www.youtube.com/watch?v=FHsIus9tAHM
UgwLtMdtCZGFlKIGMKN4AaABAg,Thread,,@へーニー,2024-02-05T03:39:04Z,0,枕でも、蕎麦殻もありますから,https://yt3.ggpht.com/ytc/AIdro_kLU5mwP75YVo8LQuVR-wB67QL8vrIz3LLRH_m8cpUklC0=s48-c-k-c0x00ffffff-no-rj,https://www.youtube.com/watch?v=FHsIus9tAHM
UgwTu21TRE4d5g1rATZ4AaABAg,Thread,,@宮弘-c3r,2024-06-15T09:15:18Z,0,最後の戻り酒は富士見酒の由来になったまで行って欲しかった😢,https://yt3.ggpht.com/ytc/AIdro_k6lq11kg7NSiBTSfJEmkTi5zOIfle2k8KIJ4orvt8=s48-c-k-c0x00ffffff-no-rj,https://www.youtube.com/watch?v=FHsIus9tAHM
UgyhWYmcRTOM5ln19dF4AaABAg,Thread,,@schectertoschizo,2025-01-30T10:46:43Z,1,"【醤油についてひとこと】
淡口醤油のほうが塩辛いです。関西は出汁が基本の食文化で、調味料の醤油は「色」と「かおり」を添えるための仕上げとして使っていました。現在もそれは変わっていません。",https://yt3.ggpht.com/ytc/AIdro_k08sGyNyHEjYtf3QpPJ3lOdaRcmZbtBFcEt6m2YrghLg=s48-c-k-c0x00ffffff-no-rj,https://www.youtube.com/watch?v=FHsIus9tAHM
UgylxIWNNOajNeDre0R4AaABAg,Thread,,@osas385,2024-07-05T06:56:54Z,0,"現代から見ると1人一日五合とは凄い量ですね。
日常の運動量がいかに多かったか分かります。",https://yt3.ggpht.com/ytc/AIdro_mlOsGu7fifn9UwXUp5eMG0stWAQAxFzVtJK0s6ryX92Q=s48-c-k-c0x00ffffff-no-rj,https://www.youtube.com/watch?v=FHsIus9tAHM
UgxIdS-6B8Z2Z04peex4AaABAg,Thread,,@吉田善吾-r1x,2024-01-21T01:39:55Z,7,これは面白いですね！　井伊直弼が近江牛献上していた、とか初めて知りました！　他の逸話も愉しく拝見しました！　ありがとうございました,https://yt3.ggpht.com/ytc/AIdro_lxzUa1yMWqP_wIEOZxMal-dZFqwaHP6WbYMh8yNyU=s48-c-k-c0x00ffffff-no-rj,https://www.youtube.com/watch?v=FHsIus9tAHM
UgxIdS-6B8Z2Z04peex4AaABAg.9zoXg81felfA3e_aVfAkDj,Reply,UgxIdS-6B8Z2Z04peex4AaABAg,@上村出雲,2024-05-20T11:29:55Z,0,"彦根藩井伊家は、代々幕府へ陣太鼓を献上する家柄だったから、その為の牛革確保の為に養牛が認められた為の副産物なんですよ。＞牛肉の味噌漬け
だから本来藩主の一存でどうこうなる物でも無かったんだが・・・・・・鳥居甲斐（要蔵）みたいに”頭良いけど馬鹿”だったんだなあとは思うｗ。＞井伊直弼",https://yt3.ggpht.com/ytc/AIdro_mRWFGZuixt2mq5RFg1mBIubyy-RHIriXTHjG3ojJQ=s48-c-k-c0x00ffffff-no-rj,https://www.youtube.com/watch?v=FHsIus9tAHM
Ugx0xfzC96fifRYHm3N4AaABAg,Thread,,@保-c1b,2024-05-25T12:06:06Z,0,面白かったななー‼️。,https://yt3.ggpht.com/ytc/AIdro_nkjnLw0II-4j7FK0S9ubte9YVd9Kmgtb0Q4QdeSG1bxRbeDvJIBHbErdHJJmAEV5DPnax3=s48-c-k-c0x00ffffff-no-rj,https://www.youtube.com/watch?v=FHsIus9tAHM
UgygnV9Y12rtMxLCI1l4AaABAg,Thread,,@東北南部のやまねこ,2024-09-09T12:33:57Z,0,江戸の町を一日だけでいいので　食べ歩きや遊郭に行ってみたい！！,https://yt3.ggpht.com/ytc/AIdro_m18_OrhRNm8w21sEEKKOvr4xmFA7TIAVd6kNb9M2LtnXT-FQc=s48-c-k-c0x00ffffff-no-rj,https://www.youtube.com/watch?v=FHsIus9tAHM
Ugzmf9Ph_9_UobjG7gJ4AaABAg,Thread,,@シバタ-c3r,2024-07-12T10:58:56Z,1,寿司はおにぎりクラスのお寿司とは驚き😅,https://yt3.ggpht.com/ytc/AIdro_kW7Z7wpEdhF5afpb0GQidw7aGWQWVqcc7Oo0wOrTLavu5GtARjXO6V92w5f_BE9nR3Id_D=s48-c-k-c0x00ffffff-no-rj,https://www.youtube.com/watch?v=FHsIus9tAHM
UgyEq4b7VbwPbzwYv9F4AaABAg,Thread,,@jin115jin,2024-06-22T06:23:01Z,2,振売や屋台は今のコンビニだなＷ,https://yt3.ggpht.com/ytc/AIdro_lZOaOPs5PUXKf5pJoKV_x7nyNhaLDCHCcbKptVgcw=s48-c-k-c0x00ffffff-no-rj,https://www.youtube.com/watch?v=FHsIus9tAHM
Ugx6l2_a2wGmJZmgsux4AaABAg,Thread,,@vic-zh6ie,2024-05-26T23:54:15Z,0,時代劇の屋台の蕎麦屋で蕎麦を食べるシーンは、なんであんなに美味しそうに見えるのか？,https://yt3.ggpht.com/ytc/AIdro_k_bm5NoPcqzHxoymm0wkR5A1kju1T9Pcc0uvqbziCLmDXAaRUbzq3PXiOBmQypZDvpeA=s48-c-k-c0x00ffffff-no-rj,https://www.youtube.com/watch?v=FHsIus9tAHM
UgwZeG31cPihN4cQiFZ4AaABAg,Thread,,@shingomaeda7708,2024-05-18T11:42:36Z,0,寿司や蕎麦、鰻はアジアやインドでの屋台飯といったポジションだったんだろうな,https://yt3.ggpht.com/ytc/AIdro_mQDbsSawq5UYm607b1uBZrYHgyLku734djoBbcVyM=s48-c-k-c0x00ffffff-no-rj,https://www.youtube.com/watch?v=FHsIus9tAHM
UgzGm5XRM1AjNZE_jB14AaABAg,Thread,,@SARAwaku,2024-07-14T22:21:11Z,0,"江戸時代の綺麗な空気の
お米食べたかったな",https://yt3.ggpht.com/ytc/AIdro_l5HoiCS_FsCgJzOP0v9P9Fwij0-d8LpYEaCwG_g5o2k2w=s48-c-k-c0x00ffffff-no-rj,https://www.youtube.com/watch?v=FHsIus9tAHM
UgydLyz5KeBZ_J_D7FR4AaABAg,Thread,,@奈良岡空斎,2024-08-28T07:33:26Z,2,江戸時代の江戸の話ですね。地方では太平洋戦争前まで白米だけのご飯は庄屋さんか豪商しか食べていなかったのではないでしょうか。私の母は昭和３年生まれでしたが、高知県の片田舎で生まれ毎日サツマイモの中に少しの米粒が入ったご飯だったそうです。正月だけ白米ご飯を食べました。海辺の集落では正月でも白米ご飯は食べられなかったのです。サツマイモは水も肥料もいらずに育つ優良作物です。,https://yt3.ggpht.com/ytc/AIdro_nidO8AOGw12E8LyEZXQ2Deteh2pdI268TOB9YXUMHTzuw=s48-c-k-c0x00ffffff-no-rj,https://www.youtube.com/watch?v=FHsIus9tAHM
UgxQlaTKjKXu301Mwrd4AaABAg,Thread,,@吉澤孝治郎,2024-12-25T11:21:56Z,0,ちりめん問屋の水戸黄門の話もお願いしたいです😊,https://yt3.ggpht.com/ytc/AIdro_kk7drcneHBeFna7KatrmK32IjaTjV-aIa0cVZHJgo=s48-c-k-c0x00ffffff-no-rj,https://www.youtube.com/watch?v=FHsIus9tAHM
Ugz8b8kCLzeWiwwNPPR4AaABAg,Thread,,@hnnn兄貴,2024-12-27T02:07:42Z,0,鰻は現代で言うところのマックみたいな扱い,https://yt3.ggpht.com/32XA7QbzL_uM2JGdkQHC89-pkdB2FxgYt_AbCB2MewewEdgikAZNRy0iQ0-BWDb2rB9EA_pK=s48-c-k-c0x00ffffff-no-rj,https://www.youtube.com/watch?v=FHsIus9tAHM
UgygZPBfbwL4xGxILWx4AaABAg,Thread,,@antiechelonkishin7615,2024-02-08T07:32:24Z,0,"市川雷蔵と加藤嘉が眠狂四郎「勝負」で雪の降る夜に蕎麦を食ってたが
あの時代に割りばしってあるのかと疑問に感じたのを思えている。
まぁ、好きな映画なんだが。",https://yt3.ggpht.com/ytc/AIdro_nJjvC9sXLdQIwSSLD-KNwh1RNhWMMy6dYf2uWwH9iwYA=s48-c-k-c0x00ffffff-no-rj,https://www.youtube.com/watch?v=FHsIus9tAHM
UgwkUlQzImFP4lBb01F4AaABAg,Thread,,@かっちゃん-masa,2024-02-08T08:09:28Z,0,いや〜おもしろかった。,https://yt3.ggpht.com/ytc/AIdro_nkndictx-YMnUhdCV9UXr9wASw2Ic-x7Bq2OBlmwa_u2ONmDdVu5IdEe1Gl0s9nq52H1Wx=s48-c-k-c0x00ffffff-no-rj,https://www.youtube.com/watch?v=FHsIus9tAHM
UgzSQZVB9JRhh-OYn9V4AaABAg,Thread,,@icoca_sightseeing,2024-09-29T12:45:52Z,0,"そばの出汁については、関東は水が関西より硬度が高く、アクが出やすかったこと、
また、出汁を手っ取り早く取るために煮立たせたことで、
濃口醤油をたくさん入れないといけなかった、、、と聞いたことがあります。",https://yt3.ggpht.com/fJmGH8dX4T02X6C6AG43c9bTD-tfytbX3Ikk5zLwmWGoaCFxOm33TE1GQswa0Elppmhftyan=s48-c-k-c0x00ffffff-no-rj,https://www.youtube.com/watch?v=FHsIus9tAHM
UgwztnQT9vX1ngnWsK14AaABAg,Thread,,@1340able,2024-01-21T04:18:15Z,1,お米をステイタスと捉えるあまり、江戸では脚気が流行ってたらしいね。,https://yt3.ggpht.com/NNdYGTHWFq9kdgzDtT_Nq2p9iStfxAm9dp31k78s1wrS4IOztvXNQMZSSs2nYCgn2SpMctIQ=s48-c-k-c0x00ffffff-no-rj,https://www.youtube.com/watch?v=FHsIus9tAHM
UgxsRFJCUV24k_2zOuZ4AaABAg,Thread,,@のり-u1g,2024-02-28T22:04:31Z,0,昔は乱獲とかなかっただろうし今みたいに3食魚とかタンパク質なおかずがあるとかじゃないけど川の魚もいただろうし大豆とシジミは年中あるっぽいしそれなりに豊かだったんだなぁ,https://yt3.ggpht.com/Ofuml9oT356TJKQbUAn6CHVG_lYkf2iclFmz5C_EzzromBJZaUiegcGqSHAiQiqDLSKX_LqyAw=s48-c-k-c0x00ffffff-no-rj,https://www.youtube.com/watch?v=FHsIus9tAHM
UgxcjZ9jXBaTst06Q0t4AaABAg,Thread,,@なっか-q5o,2024-08-26T11:54:45Z,0,千葉の柏市ですが、昔から【砂場】と言う屋号？で、蕎麦屋がありました。何で砂場？と、無知な自分は毎日通りすぎてましたが、蕎麦の元祖様でしたね🙇賢くなりました。この番組見ると気持ちがホアン♪と和みます。,https://yt3.ggpht.com/ytc/AIdro_nxRjcosQLSxLtEuVZiIpiAIpa_B5UQPddhFz8cNkCK27jG65X_7DXKbFd__uVvVk5uLJEz=s48-c-k-c0x00ffffff-no-rj,https://www.youtube.com/watch?v=FHsIus9tAHM
Ugy39Th8DD5eD4OGMaF4AaABAg,Thread,,@サトケン-x9h,2024-01-21T14:38:52Z,1,江戸湾ではアサリとハマグリ、隅田川等ではシジミが豊富に取れて庶民の食べ物でしたね。,https://yt3.ggpht.com/ytc/AIdro_nrwNgqr2FyEziXQdhO3_pJJA_uhvKf3d1XbI61hJY=s48-c-k-c0x00ffffff-no-rj,https://www.youtube.com/watch?v=FHsIus9tAHM
Ugz6sBRZk5plJxo0adV4AaABAg,Thread,,@tk-2225,2024-06-12T11:21:31Z,0,"え、鬼平犯科帳ってグルメ小説なの？
すごくおいしそう",https://yt3.ggpht.com/ytc/AIdro_mRMbVJq8HdMGRJ3-7wBIuZH1WRv4g4s3PL4FUEncvo1t0=s48-c-k-c0x00ffffff-no-rj,https://www.youtube.com/watch?v=FHsIus9tAHM
Ugzu43_H8iV_-EC3yct4AaABAg,Thread,,@teruuchihirokazu7690,2024-02-07T21:18:45Z,3,"よく調べて編集してありますね。良い学びになりました。
玄米や雑穀米、江戸前寿司、うなぎ、獣肉、あれこれ食べたくなります。",https://yt3.ggpht.com/ytc/AIdro_kbRLCPvc929o8EATLzPVMh_r3vf8Qj71eyZqmqT4ZSjQ=s48-c-k-c0x00ffffff-no-rj,https://www.youtube.com/watch?v=FHsIus9tAHM
UgzyEhPOJOPB93CREZV4AaABAg,Thread,,@山天海風,2024-02-17T13:11:56Z,1,"鰻が高価になったのはここ十年ぐらいじゃないかな…
25年前は成人前だった自分でも成田近郊の専門店でよく食べてた",https://yt3.ggpht.com/ytc/AIdro_mMEo4n8ki0uweo3MhWplSys2pg4FdxR8EmgYtxkMg8uKkT=s48-c-k-c0x00ffffff-no-rj,https://www.youtube.com/watch?v=FHsIus9tAHM
Ugxcw25TeEsW4-Opr_N4AaABAg,Thread,,@鳳A,2024-09-28T06:12:43Z,0,梅雨時や真夏に御飯の保存はどうしていたんだろう。三食ごとに焚いたらまき代もバカにならない。,https://yt3.ggpht.com/ytc/AIdro_kF9hDFhkwCmpiKZRzUr4xUvsYJBW1b5p8Z_IRYgIvo7qUfRlClu_NgYWuBUZJgbpqN-RaYWA=s48-c-k-c0x00ffffff-no-rj,https://www.youtube.com/watch?v=FHsIus9tAHM
UgwhQ4rzGA33ksEhBgN4AaABAg,Thread,,@deadpool00,2024-07-11T04:04:56Z,0,井伊直弼と徳川斉昭の話はやはり食の恨み三寸までですね。食は人の天なりですから,https://yt3.ggpht.com/7uqt_DOpYeYCxxmpKHwtiLGARzsfXsrF1kOLJUFimLm-3v0W8YMp5hwsYmdbEQLdDi3XEVK43Q=s48-c-k-c0x00ffffff-no-rj,https://www.youtube.com/watch?v=FHsIus9tAHM
UgyAwPo9Zns_INdLBQJ4AaABAg,Thread,,@pygmalion6133,2024-05-13T15:33:51Z,0,大学の授業みたいだ...それくらいの価値があると思う！,https://yt3.ggpht.com/ytc/AIdro_m4W-EOSiwSbVgWu3pdAlab7zV87E4Sdhud1RyFsH9ZVXI=s48-c-k-c0x00ffffff-no-rj,https://www.youtube.com/watch?v=FHsIus9tAHM
Ugyq-cN3rsg54jGSphF4AaABAg,Thread,,@piket1764,2025-03-02T09:35:32Z,1,濃口、辛いのです。は少し違うかも…？,https://yt3.ggpht.com/ytc/AIdro_kSgzsn-PaGdvyWXb6AMhFa1gscZpG84RXiatevNLqmSu1hqWQ=s48-c-k-c0x00ffffff-no-rj,https://www.youtube.com/watch?v=FHsIus9tAHM
Ugxl-42p3koiEBtWMCt4AaABAg,Thread,,@地球最高司令官補佐,2024-07-19T02:48:22Z,1,"座頭市のご飯凄い❗️
おかずなしでも食べたとか？
塩をふって食べやすくしたらしい❗️",https://yt3.ggpht.com/ytc/AIdro_mbjqebNFhQabviC2m7pMp73vFHHTdAVbUsjBBBBPQ=s48-c-k-c0x00ffffff-no-rj,https://www.youtube.com/watch?v=FHsIus9tAHM
UgyQP9UgUfinCZ8shoB4AaABAg,Thread,,@yabuki-715,2024-08-07T22:45:53Z,1,"下賎な食べ物と言えば大正末期生まれの祖父母は鰯,鯖,ホルモン,コロッケは食べないし食べさせてくれなかった",https://yt3.ggpht.com/p_fLnrTUCguwAHXDJfPwyrtsAURWHYf3QLs9U4Y78ZTntgr2iQA198XkLYL_2Lw9jT-CPcXp-hA=s48-c-k-c0x00ffffff-no-rj,https://www.youtube.com/watch?v=FHsIus9tAHM
UgxdBJP5JgaTcyb00lJ4AaABAg,Thread,,@しん-f8f,2024-07-07T11:47:09Z,0,いくら金稼いでも 楽しみがキメセクしかない 悲しいですな,https://yt3.ggpht.com/ytc/AIdro_nU_XVJD7PcdFXjdeIm_AnfsJAD7F3_BmiR10KWs7Ms0HdEDrH0YDOrsLpulUIes21sUOz3fNPb=s48-c-k-c0x00ffffff-no-rj,https://www.youtube.com/watch?v=FHsIus9tAHM
Ugx-zHjIQygxcSZ3q614AaABAg,Thread,,@ライダーマンロケット止める,2024-08-20T20:02:28Z,0,最盛期の太秦を思いながら京都歩くとドキドキします😊,https://yt3.ggpht.com/ytc/AIdro_mQhNrVaJJftNOG91T5n0ynEeV5rQ2c2ay7ei2PAMn7FtNqGIqczuVe9lzKA-6bG_1HqS1_=s48-c-k-c0x00ffffff-no-rj,https://www.youtube.com/watch?v=FHsIus9tAHM
Ugx0I_7gmxl7Idd6eBd4AaABAg,Thread,,@桑原健一-q5w,2024-01-17T18:36:01Z,38,"濃口醤油は色は濃いものの塩分濃度は低い。
薄口醤油のほうが塩分濃度が高く塩辛い。
西のほうが出汁の味を活かすので、東のほうが塩辛さを食すというのならわかりますが・・・。",https://yt3.ggpht.com/ytc/AIdro_nDjEPmvWdJtLpiVQl77YFSBdXIfLgcBFXPPSg0M9yiOS0=s48-c-k-c0x00ffffff-no-rj,https://www.youtube.com/watch?v=FHsIus9tAHM
Ugx0I_7gmxl7Idd6eBd4AaABAg.9zg2mnXbF9j9ziufxRCEee,Reply,Ugx0I_7gmxl7Idd6eBd4AaABAg,@黒雷-t4q,2024-01-18T21:14:10Z,1,塩分濃度が低いからたくさん売れるのかな？個人的には単純に江戸の人の好みの気はするが。,https://yt3.ggpht.com/ytc/AIdro_m1zQGkASxUagxpcmdimsutPc0BUtaT5W1thUZ3lmu3xNA=s48-c-k-c0x00ffffff-no-rj,https://www.youtube.com/watch?v=FHsIus9tAHM
Ugx0I_7gmxl7Idd6eBd4AaABAg.9zg2mnXbF9jA-uLDLv_j3q,Reply,Ugx0I_7gmxl7Idd6eBd4AaABAg,@南無夜須,2024-02-17T04:17:50Z,1,塩分濃度があるほうが発酵速度を抑制できて、薄い色の醤油をつくりやすかったからですね。,https://yt3.ggpht.com/ytc/AIdro_lhw7wCY0M6CLJbNIRPHh6oxoMgl82QUKIxA6r_LPY=s48-c-k-c0x00ffffff-no-rj,https://www.youtube.com/watch?v=FHsIus9tAHM
Ugx0I_7gmxl7Idd6eBd4AaABAg.9zg2mnXbF9jA-uM93wFDla,Reply,Ugx0I_7gmxl7Idd6eBd4AaABAg,@南無夜須,2024-02-17T04:25:59Z,0,"​​@黒雷-t4q
水に含まれつるネラル分の量の違いで、昆布出汁が出にくかったってのもあるかも。
旨味として感じるアミノ酸も濃口のほうが多いし。

蕎麦の出汁が濃いのは、ザル、盛りのつけ蕎麦が先で、屋台で営業してたのも影響したんじゃないかとおもう。",https://yt3.ggpht.com/ytc/AIdro_lhw7wCY0M6CLJbNIRPHh6oxoMgl82QUKIxA6r_LPY=s48-c-k-c0x00ffffff-no-rj,https://www.youtube.com/watch?v=FHsIus9tAHM
Ugx0I_7gmxl7Idd6eBd4AaABAg.9zg2mnXbF9jA1-vJQsgBgk,Reply,Ugx0I_7gmxl7Idd6eBd4AaABAg,@娘ちゃんねる抹茶味z,2024-03-15T14:08:48Z,3,"使う量が関東の方がめちゃくちゃ多いので関東が塩辛いんですよ
関西は小さじで使う料理を関東は大さじで使いますから",https://yt3.ggpht.com/RJRwROoFNlsRUXkmGYPCTIVsuqx7Mw_Son1vaonitPo8illBn2cD3sDwtaGIaQx1ckNC5l-U=s48-c-k-c0x00ffffff-no-rj,https://www.youtube.com/watch?v=FHsIus9tAHM
UgzaJeMjJCnAaf8W_aB4AaABAg,Thread,,@katsuhiroichige2978,2024-01-17T14:10:44Z,9,豆腐ばっかりだね～ってセリフあったけど、湯豆腐は豆腐以外は田舎者って言われたよ。寄せ鍋じゃねーんだからって,https://yt3.ggpht.com/t49NSyDu8hv2bfxqDnVWEAcbwfKD3VelGc2y7IBPveL1EcbaqBZVl2jGme5yKIIIOV0g6g0KZg=s48-c-k-c0x00ffffff-no-rj,https://www.youtube.com/watch?v=FHsIus9tAHM
UgwCHe4B1uPwFVqgT3N4AaABAg,Thread,,@smile-kc2ld,2024-03-11T03:33:40Z,0,なるほど、今まで勘違いしてたけど、元禄寿司の由来は元禄時代とは全く関係無いんですねえ。,https://yt3.ggpht.com/ytc/AIdro_mV58_DsZhhwt5Qiky6akZJlYJVMizpXpXdEVGeYAE=s48-c-k-c0x00ffffff-no-rj,https://www.youtube.com/watch?v=FHsIus9tAHM
Ugxb_BxXo9sq25mCWUV4AaABAg,Thread,,@696330,2024-04-15T12:14:40Z,0,市っつぁんの食べっぷりにこっちも腹が減りますぜwww,https://yt3.ggpht.com/EXY1bmm6jVAPgHtWUssQ4ZuRXiW8lhWFOPuyRpDifGeI_cMQwE3EmiQ2XWEF3YgagyMuwq13CQ=s48-c-k-c0x00ffffff-no-rj,https://www.youtube.com/watch?v=FHsIus9tAHM
UgyW7eEbuD75XtmnO_l4AaABAg,Thread,,@sallysallysarah,2024-03-14T20:39:37Z,1,"私んち、わかってるだけで私の曾祖父から遺伝性の二型糖尿病家系です。私は米他穀物は1日1食位しか食べないんですが元々大阪船場の米屋、米を食べるしか無かったでしょう。江戸生まれだと薬も無い中、大変だったとは聞いています。

まぁ、還暦で曽祖父が糖尿病だったと知ってるのも変な話ですけどね。",https://yt3.ggpht.com/ytc/AIdro_kog8xR9Ltqro8yUDHJkougITdZbeli-4zTn3ch9LikAbru=s48-c-k-c0x00ffffff-no-rj,https://www.youtube.com/watch?v=FHsIus9tAHM
Ugz7fy6yJ2XkRSQnExl4AaABAg,Thread,,@youkiel-13,2024-06-09T13:04:22Z,0,"皮肉にも精米技術が発達したおかげで
特に江戸後期に脚気が流行ったんですなぁ

風鈴そばの屋台の内部の構造が知りたい",https://yt3.ggpht.com/xYUWxHgxu_Jfkc-_HSGEBIKNgxzM_1uTXkbcwTlAyYd2dRNn81-8aqB3-XbOQmY_EbvHYsDk=s48-c-k-c0x00ffffff-no-rj,https://www.youtube.com/watch?v=FHsIus9tAHM
UgxX1d5X0tkzJ_iOrhV4AaABAg,Thread,,@iichikohouse303,2024-03-02T12:05:53Z,1,天ぷら屋台のおやじさん。鉄人道場さん？ですよね,https://yt3.ggpht.com/ytc/AIdro_m88cJzu5_r_GMmPttCJhNBOizFhqyUqlMD2ub5LT9CWA=s48-c-k-c0x00ffffff-no-rj,https://www.youtube.com/watch?v=FHsIus9tAHM
UgwFn9kYIEA6gWuXmxt4AaABAg,Thread,,@光雄-x2b,2024-06-19T11:05:46Z,1,"サンマ焼きとご飯🍚と汁物
🧞🌏💖",https://yt3.ggpht.com/ytc/AIdro_m34wKEfSlvEt8Hqjgl0DyWrA_QhzfaB6pF3dHcSGb5Vo5Jl2Xa573wYI9FXFprMETbeJuK1tbQ=s48-c-k-c0x00ffffff-no-rj,https://www.youtube.com/watch?v=FHsIus9tAHM
UgxVL-3yJ3VMcFHKKkh4AaABAg,Thread,,@8mile266,2024-05-02T07:18:45Z,0,おっさんの食事する時の顔がおもろ過ぎる😂,https://yt3.ggpht.com/boARQLmsbv_bVTwSzowFMfXIAtyOc-ZMgc01_YwGMjuxSMz8CgOfF3MED9xy12OQrBZF07AvZC4=s48-c-k-c0x00ffffff-no-rj,https://www.youtube.com/watch?v=FHsIus9tAHM
UgyZ8kl-SMCqHCr_zdF4AaABAg,Thread,,@天上天下唯我独身-m7g,2024-01-29T13:18:43Z,0,"脚気！
ドラマｰ仁JINｰでも描かれていましたね。",https://yt3.ggpht.com/ytc/AIdro_mS7sFNMAmRIKUESI0xO-1ND6xo0M8DSUDqDEQfBXt8Kg=s48-c-k-c0x00ffffff-no-rj,https://www.youtube.com/watch?v=FHsIus9tAHM
UgwcSgEoG_Z3kFt-PP14AaABAg,Thread,,@量産型ポニョ,2024-02-26T21:19:55Z,0,"現代とはご飯と味噌汁の置き方が逆なんですね…いつ頃から今のスタイルになったんだろ…。
明治以降白米ばかり食べるようになったから、大腸癌が凄く増えたみたいですね。。",https://yt3.ggpht.com/HpjWa1WEJDUJwmrP2jOlCxc59EBU9XeWsgmCDNzidXkkZbFwQHh80biOLGW075_gSHpkzzxt=s48-c-k-c0x00ffffff-no-rj,https://www.youtube.com/watch?v=FHsIus9tAHM
UgyNOcg6vf5lCzm4cz54AaABAg,Thread,,@miurasv3377,2024-09-17T14:36:45Z,0,"薄口と濃口では塩分量として薄口のが味が濃いです
色味を表現しています",https://yt3.ggpht.com/ytc/AIdro_lH6QcyEPiBbJ0B5upl-Urc2WucZhZjD-xMzzc0XihCoQ=s48-c-k-c0x00ffffff-no-rj,https://www.youtube.com/watch?v=FHsIus9tAHM
UgwkcB892rVdCGkTfVN4AaABAg,Thread,,@iltsunu,2025-02-27T10:46:17Z,0,"ウナギもマグロもてんぷらも下賤な食べ物だったのかぁ
やはり鯛とか鮎とかが上等な食べ物だったのかなぁ",https://yt3.ggpht.com/GsWbuOrNo9uGGHY2yqLG5tq-P8ad9MFgxluKj8rNgysf-P4dDEFuAP-3PAQjJHDpO06QHzxa=s48-c-k-c0x00ffffff-no-rj,https://www.youtube.com/watch?v=FHsIus9tAHM
Ugzry5GaCWUWLJGeiPx4AaABAg,Thread,,@MinaFuruya-ow9kw,2024-07-25T04:48:32Z,0,"ん〜寿司は幕末ですよね〜！
あと「戻り酒」があるのにはびっくりしました。",https://yt3.ggpht.com/ytc/AIdro_kexSU46w6cYLAw7n2skj-kjy6uv4tRLz7Q3K1rsh5kWb6z0DWyfRdUElppkPxsBgt36Q=s48-c-k-c0x00ffffff-no-rj,https://www.youtube.com/watch?v=FHsIus9tAHM
UgxG8cRmVozAULmCPvp4AaABAg,Thread,,@Mistyのパパ,2024-11-25T09:07:41Z,2,塩辛いのは薄口醤油では？,https://yt3.ggpht.com/rws7dFFF_ra__h1ZlEyTVaUtraco3QLyMOJa5AvEVMQ_X5qvn24wRDoYwl47coY40DLyDxk0Gw=s48-c-k-c0x00ffffff-no-rj,https://www.youtube.com/watch?v=FHsIus9tAHM
Ugz864zWPX7kjQxd3pJ4AaABAg,Thread,,@tamachan58,2024-02-25T09:33:05Z,44,何故でしょう、解説を聞きながら当時の人々の暮らしを想像したら、ホロリと涙が出ました。ノスタルジーとは違います。現代人にとって、当時の暮らしなど知る由もないわけですし。ですが、その文化が間違いなく今の我々の生活にも繋がっているのです。大げさかもしれませんが、感慨としか言いようのない感動でした。,https://yt3.ggpht.com/29O0_iqeJ8ZNb5u03EeDfnKiufpSJpyUhkIXlsiwp2dGfFVFxFJ8Tx_GcMB45unizwqKq6CXng=s48-c-k-c0x00ffffff-no-rj,https://www.youtube.com/watch?v=FHsIus9tAHM
Ugz864zWPX7kjQxd3pJ4AaABAg.A0EVeKJnHyhA0Ipa9aj9aw,Reply,Ugz864zWPX7kjQxd3pJ4AaABAg,@user-1v5hbgmtvp,2024-02-27T01:52:58Z,0,疲れてるんじゃない？早めに病院行きなよ,https://yt3.ggpht.com/ytc/AIdro_kV7pu5hq2yXymBokJR0_Ft5It5g3AC-LWGPIm0hWc=s48-c-k-c0x00ffffff-no-rj,https://www.youtube.com/watch?v=FHsIus9tAHM
Ugz864zWPX7kjQxd3pJ4AaABAg.A0EVeKJnHyhA8UfsbAikwW,Reply,Ugz864zWPX7kjQxd3pJ4AaABAg,@shiro_kuro_kiiro,2024-09-17T12:30:09Z,6,"なんとなくですが。
夜に電車から眺める数々のアパートやマンションの灯り。その1つ1つにそれぞれの生活があってそれぞれの人生があるんだ…とぼんやり考えてるときの気持ちに通ずるものがあるかもと思いました。では。",https://yt3.ggpht.com/0XQCrnyOhB6dr0LR4AzcTmIZR5AimkFRARUO14ZtbFeAD69epbZ3_iA2sQ82-yBr0dkumyYnhQ=s48-c-k-c0x00ffffff-no-rj,https://www.youtube.com/watch?v=FHsIus9tAHM
Ugwu7eUqr30vC8Zu_FN4AaABAg,Thread,,@佐藤正和-d9y,2024-06-29T21:15:47Z,0,濃口とうす口は色の問題で塩分はうす口の方が高いんですよ。,https://yt3.ggpht.com/ytc/AIdro_lDggKSQzBIzAeBZmtu1qVCJ8ANY5Fd4txaQ9VmPJ7a2R0=s48-c-k-c0x00ffffff-no-rj,https://www.youtube.com/watch?v=FHsIus9tAHM
UgxvCPWnTaDPKdBADTd4AaABAg,Thread,,@シュウ-y2p,2024-03-28T00:21:38Z,0,"蕎麦は安土の頃に最初に

シジミ売りがって、蛤は高く売れるからだな
大昔、蛤売りが家に来たことがあるが
アレはシングルマザーが朝に浜で拾ってたのかな？",https://yt3.ggpht.com/ytc/AIdro_lVOe5iVDh70zfAxQ2Zb8GDQ_Q4Lh3sQaiTOcFl-p8R4E5fcrjSfXjbiAksoNoZ60uEW49w6Jtj=s48-c-k-c0x00ffffff-no-rj,https://www.youtube.com/watch?v=FHsIus9tAHM
UgzBEEY7Q6qJ2N4cmMZ4AaABAg,Thread,,@朝日文左衛門重章,2024-07-14T04:07:38Z,0,天麩羅屋よく見たら道場六三郎さんだった。,https://yt3.ggpht.com/yEWPx6JL5P6wNwyJTyXJAlD9LDxDTP1Id8a78dxkDXSbw1pZzo260BIWDSg19NjYldTklrRc6Q=s48-c-k-c0x00ffffff-no-rj,https://www.youtube.com/watch?v=FHsIus9tAHM
UgxESUw41ikJo2RvYRV4AaABAg,Thread,,@korokiyamada7896,2024-08-06T12:25:29Z,0,ん？11：40　天麩羅を揚げてたのは道場六三郎氏か？,https://yt3.ggpht.com/ytc/AIdro_m48zXJtUm4bp_OwTwjwqJxLTtnf5yRsqeRIu1YQoo=s48-c-k-c0x00ffffff-no-rj,https://www.youtube.com/watch?v=FHsIus9tAHM
UgyPhqBeA-GMg42i5BR4AaABAg,Thread,,@gyarant154ited5,2024-01-27T12:35:32Z,1,"近くに老舗？の蕎麦屋！出前迅速！ザル！天ぷら蕎麦！天丼！最高にうまい！
店主も感じが良く！江戸っ子？長く続けて欲しいお店です。",https://yt3.ggpht.com/ytc/AIdro_lyXqMeIoZr3tmCUaUV1Ly204a4NiNdmcw-8IC6RZo=s48-c-k-c0x00ffffff-no-rj,https://www.youtube.com/watch?v=FHsIus9tAHM
UgwaEb9p7GrSML4Ssjd4AaABAg,Thread,,@久保惠市,2025-01-21T11:37:28Z,1,華屋与兵衛は「ほんじよよこあみ」です。,https://yt3.ggpht.com/ytc/AIdro_n1zG1nUaz9wy3C35-hQQUXdWXhDDQVtPBb3DYVQwY=s48-c-k-c0x00ffffff-no-rj,https://www.youtube.com/watch?v=FHsIus9tAHM
Ugz9MUrW5MjJvMld9454AaABAg,Thread,,@いけだなな-q9n,2024-07-21T08:57:25Z,0,うどんそばなどが江戸のイメージがあるな,https://yt3.ggpht.com/ytc/AIdro_lCZ_epU70Bqw9thAclso-TuWiVD50pySX4N4zR-o89R92xi16baTqb5BMbXYhQ3Pjjd8yA=s48-c-k-c0x00ffffff-no-rj,https://www.youtube.com/watch?v=FHsIus9tAHM
UgzWPrnP7HJ1bHNmPaN4AaABAg,Thread,,@劉信良-i9h,2024-05-18T11:36:55Z,0,好有趣  希望有中文字幕,https://yt3.ggpht.com/ytc/AIdro_mtCinZ1AMaBWGJvkrkCqeTiC3W4tUbc8Zggzz0PSg=s48-c-k-c0x00ffffff-no-rj,https://www.youtube.com/watch?v=FHsIus9tAHM
UgwAEJzBLD2ZfrKYYCh4AaABAg,Thread,,@2sozainari,2025-01-16T15:15:06Z,0,たいへん勉強になりました。お酒の話でもでましたが、当時、江戸に持って行く商品を「くだりもの」と言っていたのですよね。だから江戸にまで持って行く価値の無いものを「くだらないもの」つまり、たいしたことないものとなったそうですね。,https://yt3.ggpht.com/ytc/AIdro_mRFvRjcSZI4Sn1iwfFMVKUYBAaydMmIoFlX32_tIw=s48-c-k-c0x00ffffff-no-rj,https://www.youtube.com/watch?v=FHsIus9tAHM
UgwGKeLHNbttuEsyPG94AaABAg,Thread,,@浅見桃,2024-02-08T15:35:11Z,0,"未だに隅田川で
うなぎが取れますよ

江戸時代が1番面白そう😊
動画面白かったです!
ありがとうございます",https://yt3.ggpht.com/ytc/AIdro_lZgnu8u6BmgDlSvX0AmBkHU3ovq_NiHpqlODOvC8f46H8=s48-c-k-c0x00ffffff-no-rj,https://www.youtube.com/watch?v=FHsIus9tAHM
UgzHZnCSvxRiKKyW2ZJ4AaABAg,Thread,,@サトケン-x9h,2024-07-16T19:19:19Z,0,江戸の町では棒手振りがありとあらゆる食材を売りに歩いていたから長屋ではさほど食材のストックは無いし必要もなくてやって来る棒手振りから買えば買いに行かなくても良かった、,https://yt3.ggpht.com/ytc/AIdro_nrwNgqr2FyEziXQdhO3_pJJA_uhvKf3d1XbI61hJY=s48-c-k-c0x00ffffff-no-rj,https://www.youtube.com/watch?v=FHsIus9tAHM
UgyJj698Yh-dzu8UL_J4AaABAg,Thread,,@とぅ-g5i,2024-06-01T13:08:44Z,69,アスリートしてます。かつての飛脚の人達の尋常じゃない力を知るために西洋の食べ物より日本古来の食べ物について調べてましたありがとうございます！,https://yt3.ggpht.com/ytc/AIdro_lRwmLRFZ_KU3Tc1HlRhNW5jzEv5s18DLhnhw4m_TC2s7nVMIOhMJDTunXaFVxU7cAbm54GMj-s=s48-c-k-c0x00ffffff-no-rj,https://www.youtube.com/watch?v=FHsIus9tAHM
UgyJj698Yh-dzu8UL_J4AaABAg.A48eReRKmSLA8MIoKjQ38i,Reply,UgyJj698Yh-dzu8UL_J4AaABAg,@銃を持ってるクマ,2024-09-14T06:25:56Z,5,飛脚の体力が現代と比べて凄まじかったのはその栄養環境では無く、純粋なその走り方にあると俺は考える。そもそもベルツが教えた西洋の食事法が日本人に合わなかったのは、日本人が炭水化物を主としたエネルギー源としていたせいで、急な食事変更によりケトジェネシスを行う事が難しかったからだ。それに、たとえ飛脚の日々の運動量が凄まじかったとは言え、当時の日本人の平均寿命は30前後と、とても低い。しかし、明治維新から西洋の食事文化が流入して来たことによってその寿命は大幅に増加している（西洋の食事文化を完全食とは考えていない。本当の完全食とは農耕を始める一万年前の人間が行なっていた肉食生活だからだ）,https://yt3.ggpht.com/mUJGIbKNDA95lsYiQZagJN9O1CLFE7chuAfCT7eaZv4iSWZb5BYDgnKPatKunrI78Hyjy9Mtxg=s48-c-k-c0x00ffffff-no-rj,https://www.youtube.com/watch?v=FHsIus9tAHM
UgzUiWSPgwIsME19fGZ4AaABAg,Thread,,@小島千寿子,2024-02-10T22:03:45Z,0,❤👍️👏✨🔔👍️😊,https://yt3.ggpht.com/ytc/AIdro_k8_xaNPIvhJTIvWAuCP7XKvjqN4mjefI2lTBKRnw8=s48-c-k-c0x00ffffff-no-rj,https://www.youtube.com/watch?v=FHsIus9tAHM
UgwmKZyqn2Toj69baTJ4AaABAg,Thread,,@大坂智義,2024-07-22T13:43:52Z,1,全く生産活動をしない巨大な消費階級・・・中々強烈な風刺だな。,https://yt3.ggpht.com/ytc/AIdro_nFDALHy6I-DTdGFedkNyshzZoezNVojEdQWq4nJpvQZw=s48-c-k-c0x00ffffff-no-rj,https://www.youtube.com/watch?v=FHsIus9tAHM
UgycIynntPq4nyBFo2V4AaABAg,Thread,,@webcool5918,2025-03-15T11:59:15Z,1,"日本独自の人間性と日本文化は江戸時代が１番花だったのかもね？
日本人らしいって言うか。
江戸時代の人が現在にタイムスリップしたら、便利な世の中になったけど、何だかしっくりこないね！
昔に帰してくんな！
だろうね。",https://yt3.ggpht.com/ytc/AIdro_nxo5F-bYhNlGrzLEqjcZzG4WPMqjAESyvmSp-zfB0=s48-c-k-c0x00ffffff-no-rj,https://www.youtube.com/watch?v=FHsIus9tAHM
Ugz4Q-kLWEyldmhTPfB4AaABAg,Thread,,@tomiokam49,2024-06-17T06:14:11Z,0,二八蕎麦は、二つ刻八つ刻に食べる間食だったからだと思います。,https://yt3.ggpht.com/ytc/AIdro_mL5p2CspIJUhMwlhOm68sMYp3Re8GQYHKW5aLvchQ=s48-c-k-c0x00ffffff-no-rj,https://www.youtube.com/watch?v=FHsIus9tAHM
UgxbtRBzDx7hZk23qmt4AaABAg,Thread,,@kts-mh8bc,2024-05-01T11:41:43Z,0,100年後はカップヌードルが高級料理になってたりして,https://yt3.ggpht.com/ytc/AIdro_nc3H51jfTNeAZJPGeNXxskhjbd6Q6U_CJL5X9vL7TqZAx5=s48-c-k-c0x00ffffff-no-rj,https://www.youtube.com/watch?v=FHsIus9tAHM
Ugw9NU_ck_C5CCO6pWx4AaABAg,Thread,,@t.4814,2024-01-18T08:58:41Z,1,いい鴨を　網でとらずに　駕籠でとり,https://yt3.ggpht.com/ytc/AIdro_mtOZeBEhg-jJ2scfdhps7UOFKX1PhgmUxjz3QMUaI=s48-c-k-c0x00ffffff-no-rj,https://www.youtube.com/watch?v=FHsIus9tAHM
UgwiPsUXvGIHPwiGCvZ4AaABAg,Thread,,@MrWasehou,2024-09-12T15:34:35Z,0,"新しいタイプの飯テロ
腹減るわ
中世ヨーロッパの動画ではこうはならない",https://yt3.ggpht.com/ytc/AIdro_kGsyTaiQpSXGuTWbe7KkW6fAy3p2cRz1N1XKba1GU=s48-c-k-c0x00ffffff-no-rj,https://www.youtube.com/watch?v=FHsIus9tAHM
Ugw6xeYSYm5ew_W0iHB4AaABAg,Thread,,@Swimsou,2024-03-18T09:14:06Z,0,300年後にはウーバーも振売扱いになるのかねー,https://yt3.ggpht.com/ytc/AIdro_ln-9HYXgytSDFQbDRDb_rgH6bzytH6hE2dknWeVZrk6K8go1x19Eeds3jB779sjKtoDw=s48-c-k-c0x00ffffff-no-rj,https://www.youtube.com/watch?v=FHsIus9tAHM
UgxMPVDeuVIAn5_cOFJ4AaABAg,Thread,,@のぶんちゅ-j9q,2024-02-03T21:23:10Z,2,"醤油の件
関西には北前船が昆布を運ぶ事により、出汁文化が根付いた。  関東では、和歌山の湯浅の人が関東(千葉)へ流れ付き、そこで醤油文化が始まった。 ←だから千葉と和歌山に同じ地名がある。
諸説あるだろうけどね。

あと、醤油は、濃口よりも薄口の方が塩分濃度が高い。ってのは常識。",https://yt3.ggpht.com/YpaQJyIUL_N80hPYk4zNEDH1HZtMiRQm6wkiMJIYWX8wi8c48KRBFlJurTOIwYfSv5Mt3g7Vmmc=s48-c-k-c0x00ffffff-no-rj,https://www.youtube.com/watch?v=FHsIus9tAHM
Ugz1zdbfnRJQbxUrJCp4AaABAg,Thread,,@さすらいの武士モノノフ,2024-06-02T15:41:25Z,3,"とても上手にまとめておられますが、１０代将軍家治として載せられてる肖像画ですが、それ８代将軍吉宗のものですよ😅
指摘してごめんなさいね、でも私は和歌山県民なので我慢出来なくて…
何しろ地元の英雄なので(^_^;)",https://yt3.ggpht.com/ytc/AIdro_nsNXmZl7_z9cH0J4fRORw6I-9ONh1Z7wTGdtC8i2g=s48-c-k-c0x00ffffff-no-rj,https://www.youtube.com/watch?v=FHsIus9tAHM
UgxDW1RbyQlzAnIybYN4AaABAg,Thread,,@中山けんじ-x8d,2024-03-29T10:04:43Z,0,"楽しく視聴させていただきました　ありがとうございます
一点だけ　華屋与兵衛が寿司屋出したのは「本所横綱」ではなく「本所横網」かな ？",https://yt3.ggpht.com/ytc/AIdro_mPsm3nsyh703yNGCz4daJP-jj1MiOv-9ifPkU2rA8=s48-c-k-c0x00ffffff-no-rj,https://www.youtube.com/watch?v=FHsIus9tAHM
Ugw8ViSc-Vwm9FH_PkF4AaABAg,Thread,,@はまやん-o1f,2025-03-01T12:19:35Z,0,天ぷらを揚げているのは道場六三郎かな😅,https://yt3.ggpht.com/ytc/AIdro_mAE4x2oq_fEJbcRWyVxDSJeeoj_94td9rlyAh7ZQ0=s48-c-k-c0x00ffffff-no-rj,https://www.youtube.com/watch?v=FHsIus9tAHM
UgxbEIs2ql7dDca1d_t4AaABAg,Thread,,@五郎-u6g,2024-05-24T08:06:27Z,0,久しぶりに聴かせていただきました、声がとても心地良く良い声です、有難うございます。,https://yt3.ggpht.com/xH6ckvBUWk1qluumNEyGd_dhRrYGcyE_ovpKWV05Fi_nAtmp_9IbRrEa6L858v004N2_mQ3n=s48-c-k-c0x00ffffff-no-rj,https://www.youtube.com/watch?v=FHsIus9tAHM
UgzmtDBVKGXpGM4QnW94AaABAg,Thread,,@伝説のペヤンガー,2024-02-22T14:36:23Z,1,鬼平犯科帳は近代の創作なんじゃ……,https://yt3.ggpht.com/ytc/AIdro_kAjPxQg1vQqcGJ0Ve0vcNqAuoeQPleEAcGmcdMjvt7fvY=s48-c-k-c0x00ffffff-no-rj,https://www.youtube.com/watch?v=FHsIus9tAHM
UgwUtK2tvy20MAaCxhN4AaABAg,Thread,,@gishihara,2024-06-08T11:22:15Z,0,寿司って意外と遅く出現したんですね。,https://yt3.ggpht.com/ytc/AIdro_n6eqTCSyoQEJiGV6ljSaMxdaE2rQaXjqnsoZGX_pevAw=s48-c-k-c0x00ffffff-no-rj,https://www.youtube.com/watch?v=FHsIus9tAHM
Ugy8q_jeoIWJnJvK1BV4AaABAg,Thread,,@ポースケ-p4m,2024-11-30T07:15:34Z,0,"アワ、ヒエ、サツマイモやろが
www",https://yt3.ggpht.com/ytc/AIdro_mgfQ9z40LhEYAu3rwzdlJQ9wfuo7gh1Mov5-6v1wmTEGv-irm_jZ0yCepBS4uH8V8-UdUN=s48-c-k-c0x00ffffff-no-rj,https://www.youtube.com/watch?v=FHsIus9tAHM
UgwJmxXwBWds5-qlop14AaABAg,Thread,,@ニトロボンバー,2025-01-05T12:42:56Z,0,玄米と白米を1日おきに食べてたら脚気にならずにすんだんかな😢,https://yt3.ggpht.com/jix5Y2B99swRorGDydqyXIBrtvNKTnooP5prmq8OCkulv_N5Ls6X_OQwKYV5TdND8NHPwc_-GkM=s48-c-k-c0x00ffffff-no-rj,https://www.youtube.com/watch?v=FHsIus9tAHM
UgxiczsqAhjeQf_nQYt4AaABAg,Thread,,@ddd道楽者,2024-05-24T10:49:02Z,0,日本人のマインドは、江戸時代から現代まで変わってないのかもしれない…。,https://yt3.ggpht.com/pC-uaNwQ_rzTNq-634DhNNjoG_BZ60kvv7LUHP1GYfuBP2Leqn1KqQjE_LZG9zFIQK_qB-YX=s48-c-k-c0x00ffffff-no-rj,https://www.youtube.com/watch?v=FHsIus9tAHM
UgyYpfyLmoEWhte59Ex4AaABAg,Thread,,@unevenamorphous6640,2025-01-25T07:31:23Z,0,村田蔵六も湯豆腐好き,https://yt3.ggpht.com/ytc/AIdro_kuiavO4Mqn5sKtIvj2xPze7sxkmEeRHe_bC8U9slU=s48-c-k-c0x00ffffff-no-rj,https://www.youtube.com/watch?v=FHsIus9tAHM
UgwTAdP3kSvEOUcTxy94AaABAg,Thread,,@サトケン-x9h,2024-07-16T19:09:00Z,0,当時江戸湾は魚介類の宝庫で鯛はともかく秋刀魚やマグロも取れてました。しかも手漕ぎの舟でね。他には隅田川には無尽蔵なほどシジミが取れたしアサリやハマグリは極めて豊富で貧乏人の食い物と言われるほどやった,https://yt3.ggpht.com/ytc/AIdro_nrwNgqr2FyEziXQdhO3_pJJA_uhvKf3d1XbI61hJY=s48-c-k-c0x00ffffff-no-rj,https://www.youtube.com/watch?v=FHsIus9tAHM
Ugw8BmYoCAyRYY9kuX14AaABAg,Thread,,@靑山二郎,2024-04-29T09:33:59Z,0,"なんて豊かな時代だったのでしょうね‥w

１８００年前後は緑色のうつわが流行ったそうですが‥。信じられないほどの粋な時代だったのでしょうね‥。

もっといろんな角度から、この時代を楽しんでいきたいですねｗ",https://yt3.ggpht.com/ytc/AIdro_kpd9Naz31cV8X5OMPBVtAOQXIp0Ho0dYTiRW70_XTrqA=s48-c-k-c0x00ffffff-no-rj,https://www.youtube.com/watch?v=FHsIus9tAHM
UgyVC-BLC9WPoNgAZxZ4AaABAg,Thread,,@amx-008ga-zowmn3,2024-03-13T08:43:21Z,0,今の政治家も見習ってほしい,https://yt3.ggpht.com/ytc/AIdro_mXDB3ZZcbDVQeMmpIFyUaPpb7_4OwbwV7OBy-C9hQ4MS0=s48-c-k-c0x00ffffff-no-rj,https://www.youtube.com/watch?v=FHsIus9tAHM
UgxszY3F-MweVPdOxkZ4AaABAg,Thread,,@bullet0292,2025-04-18T11:07:45Z,0,お金の穴に紐つづってを束ねてたのは何枚(何文分)でしたっけ？お寿司とのことは聞いたことあるけど、この中にもなんか関係あるのかな。,https://yt3.ggpht.com/ytc/AIdro_nhWcVuw-xaCmW6LafsJt5AyUbmoGlr3Vusk2Pa-q0hdFw=s48-c-k-c0x00ffffff-no-rj,https://www.youtube.com/watch?v=FHsIus9tAHM
UgxifTVdlGaYGrLJAvR4AaABAg,Thread,,@AmeOtoko-ZWEI,2024-01-17T10:59:27Z,30,11:47 おやおや、道場さんじゃないですか！？ちょんまげが良くお似合いです👍,https://yt3.ggpht.com/NUsce_KWQ99ZsgGt0hCNz7DurhQ7Qndv1fc4af_tCj2ywsN4ZlBG0OzRMCuwFhwH9NcpFqFsrVg=s48-c-k-c0x00ffffff-no-rj,https://www.youtube.com/watch?v=FHsIus9tAHM
Ugy--3EFWykvI2U7Ogd4AaABAg,Thread,,@arahard25017,2024-09-28T04:02:20Z,0,"12:44
やはり地方再生には首都直下地震か",https://yt3.ggpht.com/ytc/AIdro_k_DvNR6WMTIJ_Mey3_wcU6WvK6qBq75YJ63gxW2TzW68j3=s48-c-k-c0x00ffffff-no-rj,https://www.youtube.com/watch?v=FHsIus9tAHM
Ugz1qV1BYzPiT0tSiRN4AaABAg,Thread,,@tihoadj,2024-03-29T15:19:19Z,0,動画見たら蕎麦が食いたくなった笑,https://yt3.ggpht.com/O-ui31mF0xQ0kOEfXZcT-pnVu1BKbFq0ZABPwrSQisPvGuglQxLXXSOShDSzmMEBEYLw4rIdfiE=s48-c-k-c0x00ffffff-no-rj,https://www.youtube.com/watch?v=FHsIus9tAHM
UgzHetdtQCyx8qPHKL54AaABAg,Thread,,@sintani-kaorin,2024-11-26T14:13:03Z,0,"時代劇…(こちらのドラマ枠(？)見たことないかも〜😅)
　活気がありますねぇ！アプリか何処かで配信されてたら見たいっ！😊",https://yt3.ggpht.com/ytc/AIdro_n7IVuRzQDvjXtdfZGjDbzzyLkiis8mj3WM3Qi0V6NPFA=s48-c-k-c0x00ffffff-no-rj,https://www.youtube.com/watch?v=FHsIus9tAHM
UgwyUQOs9eoBNs7e7nd4AaABAg,Thread,,@KMRNTHR,2024-04-25T04:27:11Z,0,道場六三郎さん、鬼平に出てたねぇ,https://yt3.ggpht.com/ytc/AIdro_lS5UrDejIhFdZKVTzF4rSBV9T8GVUu5wFdH-ut_Lg=s48-c-k-c0x00ffffff-no-rj,https://www.youtube.com/watch?v=FHsIus9tAHM
UgyomYqjsnjoPC3d2xt4AaABAg,Thread,,@塩手美加沙,2024-08-06T12:43:43Z,0,キャンディとガム,https://yt3.ggpht.com/ytc/AIdro_lqZZRWVeH6XqGcG2ZzeqBwu4JEmbDI7YNnRMhtqBHk1FvxA0I=s48-c-k-c0x00ffffff-no-rj,https://www.youtube.com/watch?v=FHsIus9tAHM
UgzH356SOtwdCMGCn0J4AaABAg,Thread,,@mikazuki230,2024-02-28T04:31:36Z,0,灘の甘酒は格別に美味すぎる!!でも灘の甘酒の素は500円近い値段～!!,https://yt3.ggpht.com/ytc/AIdro_mcsFS8iJesHpRHhJuDzstf9Vh-gXcrR6dD0UrJ6KQ=s48-c-k-c0x00ffffff-no-rj,https://www.youtube.com/watch?v=FHsIus9tAHM
UgwBeVICYeD9QUq_cud4AaABAg,Thread,,@大和の漢,2025-10-29T05:54:22Z,0,いっつぁん　巨大盛すぎる,https://yt3.ggpht.com/Alja7U0WtEGTdu908vigpu3Z7CenKVW2rFKW43IIiMF_RBmmDtYnV2t7MmTFZt9RMskHNihAgA=s48-c-k-c0x00ffffff-no-rj,https://www.youtube.com/watch?v=FHsIus9tAHM
UgyfAzfonq_cuaRmb3R4AaABAg,Thread,,@tesokaaita6049,2024-01-18T11:20:22Z,20,勝新さんの食いっぷりが気になって話に集中できないw,https://yt3.ggpht.com/PaYYQ0Yf2GWSCSyb3fPH1cbV9om0Q6nIdgxApS0hO4o7OlRzgtSlV-q2Bmp5pzTs2nqU2zCX8Q=s48-c-k-c0x00ffffff-no-rj,https://www.youtube.com/watch?v=FHsIus9tAHM
UgyfAzfonq_cuaRmb3R4AaABAg.9zhqixt8v7FA-iQwg8iN3k,Reply,UgyfAzfonq_cuaRmb3R4AaABAg,@PGP-l9v,2024-02-12T13:16:57Z,1,そんな集中力のないことでは ⋯😅,https://yt3.ggpht.com/CWQCO2-c6MkiIGeIHLril4wB5bvmJV70WYBsbGrI273q0yCk6Eyb2APA6WMpoZi1ipJ4lXr-kQ=s48-c-k-c0x00ffffff-no-rj,https://www.youtube.com/watch?v=FHsIus9tAHM
UgzYWQDFJRpnskgeP_h4AaABAg,Thread,,@はいいろ-q5l,2024-05-06T04:54:54Z,1,江戸時代に屋台で寿司とか食中毒とか頻繁に起こらなかったのだろうか？,https://yt3.ggpht.com/ytc/AIdro_kaG7Hh-vmmUMFBVeVjj4wsiqD5NkihmHxKjyfxZ9qJzYM=s48-c-k-c0x00ffffff-no-rj,https://www.youtube.com/watch?v=FHsIus9tAHM
UgyvURqtTv5cCgjTIE94AaABAg,Thread,,@キャンタマEX,2024-09-12T02:59:01Z,0,粋でかっこいいな！！日本人！,https://yt3.ggpht.com/ytc/AIdro_lo6jjWGT_sYtSbwkW8DHzg_89XVN4HQxL-x8KYeegkQV8LcD6dkTG-mMm27jkDTkRPCGvfxDjY=s48-c-k-c0x00ffffff-no-rj,https://www.youtube.com/watch?v=FHsIus9tAHM
UgzQgC-uRFwhgLK2XH54AaABAg,Thread,,@mamukijii,2024-02-09T06:57:00Z,2,"脚気
カッキとは読まない。
カッケと読むのだよ。",https://yt3.ggpht.com/ytc/AIdro_nlnprfmsQHcKfVAXzIVaFY0IZBPvzSgCuRtHsL17l6KNYfMlJExcuh0mZf4C_9dnSVrg=s48-c-k-c0x00ffffff-no-rj,https://www.youtube.com/watch?v=FHsIus9tAHM
Ugwj_ITlOkKdTu3aqzd4AaABAg,Thread,,@弾正だんじょう,2024-05-27T10:50:58Z,0,剣客商売のマンガで、鰻売ってたけど串に刺さってたな。,https://yt3.ggpht.com/ytc/AIdro_kJoNnmlDLoI3HOzHFDXTgDiwv6AouW8QTtJFcaxOg=s48-c-k-c0x00ffffff-no-rj,https://www.youtube.com/watch?v=FHsIus9tAHM
Ugx_HrJ-YTZYK2KL5tF4AaABAg,Thread,,@Hime26,2024-06-18T11:32:18Z,0,"煎り酒  三河屋 銀座 で
蕎麦を食べる！酸っぱくて美味しいよ 梅酢😂",https://yt3.ggpht.com/ytc/AIdro_meYAh6NPkc3qZ9RQbztfozX2jknUqc69hcasQTLZa7CCWY6MHmzRI1I6I59gYFhEiQXA=s48-c-k-c0x00ffffff-no-rj,https://www.youtube.com/watch?v=FHsIus9tAHM
UgwAXv9H8ZlrQ0UVvoh4AaABAg,Thread,,@porukoa,2024-02-01T21:12:02Z,0,鰻食べたい😊,https://yt3.ggpht.com/FL_TQcVsCv1xEGMuOL68FRqjbtQxwueZUX6HFbItle8IuftTDWS8D4tw9uUamQhjMCqGjLc2Sw=s48-c-k-c0x00ffffff-no-rj,https://www.youtube.com/watch?v=FHsIus9tAHM
UgzZfMGY1y8VdGra36F4AaABAg,Thread,,@みーのまあ,2024-04-23T08:05:39Z,0,"完全無農薬、有機栽培、魚もまったく汚染されていないし、冷蔵庫もないから
採れたて新鮮なものを口にしている
現代よりも全然豊かな食生活",https://yt3.ggpht.com/ytc/AIdro_l4EU4pzUI2Rbw-8t2L91d6JXI_27BtEXtJY5YuUlE=s48-c-k-c0x00ffffff-no-rj,https://www.youtube.com/watch?v=FHsIus9tAHM
UgwlGnU29drvy21Fh1N4AaABAg,Thread,,@tanishi7920,2024-10-19T13:07:08Z,1,"薄口の方が塩分多いだろ
薄い濃いというのは色の事だぞ？",https://yt3.ggpht.com/MT2u-ZQfVCF47ZLbEKeRDjwlTngmm_ttzypqXCRiCQD17wXCHGGIawRVWWyCdPQBc83_fKN-QA=s48-c-k-c0x00ffffff-no-rj,https://www.youtube.com/watch?v=FHsIus9tAHM
UgxeUZi8EzcKrCXou7h4AaABAg,Thread,,@桜長,2024-07-26T13:41:29Z,0,13:51 13:51,https://yt3.ggpht.com/9X5DZewcPZoID9ts8aM2dZU5g511KdtNCbP2lUk9xRa5Fj3gEW6rKq0VQ2LcSh-PuMvePTpHiA=s48-c-k-c0x00ffffff-no-rj,https://www.youtube.com/watch?v=FHsIus9tAHM
Ugxx7ycnCWwy5ICI-oZ4AaABAg,Thread,,@a-4gdw,2024-03-17T12:33:22Z,0,13:39 ひろゆき...?,https://yt3.ggpht.com/Vk1FkYuaINoIyHc3uXxW2s1uJ_aAdJ5rAOx6h3sSmixiZTN-kstxE7vg4FGzzzinEi6afsV4Tw=s48-c-k-c0x00ffffff-no-rj,https://www.youtube.com/watch?v=FHsIus9tAHM
UgyNr-Vgmqqqrpyu7Kt4AaABAg,Thread,,@norice625,2024-06-18T20:26:55Z,0,"大変勉強になりました。
はからずも鍋屋の五鉄の出自がこんなところにあったとは...見落としてました。
豆腐しか食わんというとリアルなところで村田増六ですよね？
蕎麦切（生そば）の普及はたぶんその通りなのだと思うのですが、成立は私はもうちょっと古い説を取ってました。
記述中にもあるように大豆醤油の普及もおっしゃる時期にあるわけで、成立がそこまで遅いとそれ以前は魚醤油ベースのスープで
生そばを食べていたであろうという私の仮説がひっくり返ってしまうのでちょっと冷や汗...
（味噌ベーススープでそば食べてた記録は普通にありますが、こっちは生そばかどうか判別つかないです。）",https://yt3.ggpht.com/ytc/AIdro_my5Vjn8BYknStd0KtvcJS0wC5ikfHkWM8WfMjhbz2OZg=s48-c-k-c0x00ffffff-no-rj,https://www.youtube.com/watch?v=FHsIus9tAHM
UgzVvjzaLtKidkHqxV94AaABAg,Thread,,@ブルノーザン,2024-12-26T14:03:37Z,0,"なるほど。
だから柏メシには鶏肉が入ってるのか。",https://yt3.ggpht.com/ytc/AIdro_mwL_khf9xcD32gQ8j4beqofba91KUEwnY6G-zZDQQ=s48-c-k-c0x00ffffff-no-rj,https://www.youtube.com/watch?v=FHsIus9tAHM
UgxnlQQydb5Phr8EBjh4AaABAg,Thread,,@ご近所さんのナリファイアクルーマン,2024-11-19T03:39:39Z,0,鰻がリーズナブルだったのがびっくりだわ。,https://yt3.ggpht.com/y9jtoG5aWJ5zbwW5CZzBh5quYb8N7eFALQm9AAehISPte3l0YAfvlOo_oiE6K3GBN2Z0-M3QVQ=s48-c-k-c0x00ffffff-no-rj,https://www.youtube.com/watch?v=FHsIus9tAHM
UgwK240rzkFpbfI2cG94AaABAg,Thread,,@蛸薬師右入ル,2024-05-03T08:40:55Z,0,我々のご先祖様はすげぇ〜よ。,https://yt3.ggpht.com/ytc/AIdro_mMYGDazKOYyvvoYoGXjWAIXghrBbNnwws8w0qZHLUgZdg=s48-c-k-c0x00ffffff-no-rj,https://www.youtube.com/watch?v=FHsIus9tAHM
Ugzo5XmNLD_1q8xqYih4AaABAg,Thread,,@ホヤぼーや-e8f,2024-01-23T03:58:54Z,3,"鬼平や剣客商売、藤枝梅安はコミック版で読んだけど食事シーンにも触れていてなかなか面白い。
また、江戸の町では蕎麦屋が多かったのに明治時代になると鍋焼うどんの店に取って変わったらしいけど何があったのだろうか。",https://yt3.ggpht.com/ytc/AIdro_kj8G7sC8B_pBRPxXp1C0ichceHInNau4LqzzoH2Ex24Jo=s48-c-k-c0x00ffffff-no-rj,https://www.youtube.com/watch?v=FHsIus9tAHM
Ugx_4_uJw77sGzDgZF54AaABAg,Thread,,@shigotoneko,2025-04-06T05:21:31Z,0,本所横網,https://yt3.ggpht.com/j-MI1VLKx3mDtumnt6UE5kxdhwBjslLnGUugHfW8PEkl4VNiegJxrz8oWulfQrln7NjgHX9WVg=s48-c-k-c0x00ffffff-no-rj,https://www.youtube.com/watch?v=FHsIus9tAHM
UgzypKkYkwF9XBfkNcV4AaABAg,Thread,,@RK-yc9ys,2024-07-22T14:49:41Z,0,"お疲れ様です。
醤油ですが、関東と関西の水質や製造工程に違いがあり、文字での表現とは違い、一般的に〝薄口醤油〟の方が〝濃口醤油〟よりも塩分濃度が高いそうですね。

関西風の〝薄い色の出汁〟のうどんも好きですが、しっかりと塩味がついていますね。美味しいからといって飲み干してしまうと後で喉が渇く事があるので要注意です。",https://yt3.ggpht.com/ytc/AIdro_lg2sUPAPaCTFOr4qAi4YXms3dM1TzGYSI7lqlnoOt8Mw=s48-c-k-c0x00ffffff-no-rj,https://www.youtube.com/watch?v=FHsIus9tAHM
UgxH2JBPnOQ2qxvjsoh4AaABAg,Thread,,@ちかんこ,2025-01-22T15:17:54Z,1,天ぷら屋さん、道場六三郎さん？？？,https://yt3.ggpht.com/ytc/AIdro_myQaxwvTzJUyZcfBO3zVcvFP0oHtwO4d_fJTTmTSE=s48-c-k-c0x00ffffff-no-rj,https://www.youtube.com/watch?v=FHsIus9tAHM
Ugxg8D33-KWSe7tQ9Sp4AaABAg,Thread,,@kazukiiino4259,2024-06-01T15:26:35Z,1,江戸が濃口はそういう事だったんか,https://yt3.ggpht.com/ytc/AIdro_l1HoObDTyUhT9i2iwVleDSLIBMwzQQRzq2mhOCMbs=s48-c-k-c0x00ffffff-no-rj,https://www.youtube.com/watch?v=FHsIus9tAHM
Ugy--c4V15w0U5IxCtF4AaABAg,Thread,,@masa2568,2024-08-18T17:26:28Z,0,脚気ってかっけえ,https://yt3.ggpht.com/ytc/AIdro_mU_2nKRiMmK3JpqIos98Sa8KWrrKzxX2TTu67zXDHYIg=s48-c-k-c0x00ffffff-no-rj,https://www.youtube.com/watch?v=FHsIus9tAHM
UgzFBtkmd9DL3_AkbMB4AaABAg,Thread,,@ねじまきどり,2024-01-18T05:52:22Z,4,"小説やTVドラマってどれだけ正しいんだろうね？
蕎麦食うとき畳の上にテーブルあったりして、
おかしいやろって思う。
醤油の濃口、淡口は他の人も書いてるように
淡口の方が塩分は濃いよ。
淡口は兵庫県の龍野で江戸時代に生まれた
醤油だから江戸の人が使わなかったのは当然でしょ。",https://yt3.ggpht.com/ytc/AIdro_nWKBTyG0kRjNfHG8-KgC1kFjQBQaaL0uI2XfqSm7RlkA=s48-c-k-c0x00ffffff-no-rj,https://www.youtube.com/watch?v=FHsIus9tAHM
Ugz3IJEmykdcV3u_1PR4AaABAg,Thread,,@fujirockdeep9848,2024-09-21T05:13:45Z,0,流石に味噌漬け一つで恨みを買ったわけじゃないだろうけどw,https://yt3.ggpht.com/ytc/AIdro_lqvPxIcDqnuKAx3kd5SrAaMcCGr48MeAxT-Dq6c3BAC5U=s48-c-k-c0x00ffffff-no-rj,https://www.youtube.com/watch?v=FHsIus9tAHM
Ugzvv53nZoU14zVaT0Z4AaABAg,Thread,,@onyrryno870,2024-07-11T17:06:20Z,0,当時の米は栄養源、多種多様なおかずのある飽食の昨今では邪魔者扱い💧時代よね,https://yt3.ggpht.com/ytc/AIdro_mseaCZ8kAXU_YgQhgUHp-ZJlUwx_tDWxp_yB0L8MhTJrIwO47djYfpucxtfzBYqAVobQ=s48-c-k-c0x00ffffff-no-rj,https://www.youtube.com/watch?v=FHsIus9tAHM
Ugyg8hTIha7dvmrGIv54AaABAg,Thread,,@zadkmb,2024-05-16T00:52:51Z,0,実はソイレントグリーンとブルーミルク。,https://yt3.ggpht.com/ytc/AIdro_lOxKS9i2cFGGKxpHOjuUFm-faRSdx9jFSm9ax7-eA=s48-c-k-c0x00ffffff-no-rj,https://www.youtube.com/watch?v=FHsIus9tAHM
Ugyww2_f5_dx9e4mXPN4AaABAg,Thread,,@yasuhiro_syk,2024-09-19T11:20:02Z,0,座頭市のようなまで白くは出来なかったと思う。また、当時の米はアミロースがアミロペクチン より多く、さらりとしていたので多く食べることが可能だった。ササニシキによりアミロースが多かったのではないでしょうか。（ササニシキがあっさりしていて、胃にやさしく高齢者、病弱者向けの所以）,https://yt3.ggpht.com/ytc/AIdro_lPtsuQri12GGLQhD75ac386_kM6yQfv0DQU_8XBeQd-X5qEo-2QWoLx5vnGafpFoRRkQWe=s48-c-k-c0x00ffffff-no-rj,https://www.youtube.com/watch?v=FHsIus9tAHM
UgxtycoGGozLCFELvgZ4AaABAg,Thread,,@tm7530,2024-05-13T14:18:20Z,0,"ついでに。
いや、これは素晴らしい😂神レベル⁽⁽ଘ( ˊᵕˋ )ଓ⁾⁾",https://yt3.ggpht.com/ytc/AIdro_kKbDIXDFlcolbELotr0GT2zmr8p8SklAhmh7n7XBk=s48-c-k-c0x00ffffff-no-rj,https://www.youtube.com/watch?v=FHsIus9tAHM
UgxOMcCkPQQvVruPzjF4AaABAg,Thread,,@ぽにお-c3r,2024-06-07T00:30:20Z,0,"東京で肉が牛鍋として人気が出たのは明治から大正にかけてか？
お婆様からモモンジィなど食べるのはおよしよ！と言われたのは誰だったか？夏目先生辺りか　定かではないな…",https://yt3.ggpht.com/cSqVb4DR5DZY9FVPlZe-9ubqfNbUllno3jeenycQv0KBc3gLgoPEL3vSp7ABj1OLNawRDkM=s48-c-k-c0x00ffffff-no-rj,https://www.youtube.com/watch?v=FHsIus9tAHM
UgzFGn6hbRjGiRjdAbF4AaABAg,Thread,,@nakabou1211,2024-03-08T11:33:02Z,0,16文は大体500円ぐらい,https://yt3.ggpht.com/1pB97-7Zg6dPSoSZBxcOG43ijv8YHH-bNdTrpjf7UVORL8TSZhEoKCC6qJenoBmg8pOGEsJpMw=s48-c-k-c0x00ffffff-no-rj,https://www.youtube.com/watch?v=FHsIus9tAHM
UgwCQKWqA3FghjdFewp4AaABAg,Thread,,@本田純子-r4f,2024-05-16T04:05:12Z,1,何故2食から3食になったのかは…調べればわかるよ🥰,https://yt3.ggpht.com/ytc/AIdro_lNqmStzc06t9Do9OoE1iIoM5RDNCAjaefBNTCTj5nvljE=s48-c-k-c0x00ffffff-no-rj,https://www.youtube.com/watch?v=FHsIus9tAHM
UgxRMmOADPW5YnIVkTR4AaABAg,Thread,,@syubasan999,2024-06-28T12:49:17Z,0,濃口より薄口の方が塩分も味も濃いからまた別の理由じゃない？流通量が多く主流になったとか単純な理由とかありそう,https://yt3.ggpht.com/GzhYr9z5C5hrwmodVOgmqZ2qYLTYsMHSQZf9OX4sEWgWhwPz3sOo9gZBrnSFoKwVSEFGWSL2pw=s48-c-k-c0x00ffffff-no-rj,https://www.youtube.com/watch?v=FHsIus9tAHM
UgwBSOM3fb7DKHW70Q94AaABAg,Thread,,@石破天驚拳前総理,2024-11-25T10:42:01Z,2,今の日本人もみんなこの食事にすべき！,https://yt3.ggpht.com/WGffgq20o_Kc94JL2K-Q8halh9i24kHz5suTH_xZ3kzEhT2JfSis4mNvtkO4ubMcXynTVMLECw=s48-c-k-c0x00ffffff-no-rj,https://www.youtube.com/watch?v=FHsIus9tAHM
UgwBSOM3fb7DKHW70Q94AaABAg.ABG9LzUe2ihABuYLuFVrhS,Reply,UgwBSOM3fb7DKHW70Q94AaABAg,@鴨川水穂,2024-12-11T12:29:19Z,0,イイね～～昭和40～48年辺りの体型が一番👍今の子--頬っぺパンパンカロリー取りすぎチャイナはまだ🤣上行くな🐷,https://yt3.ggpht.com/ytc/AIdro_m4wrt2YeM9EJ6RVTgZHZSWomK0eNw0Dcm-xzcxPOI=s48-c-k-c0x00ffffff-no-rj,https://www.youtube.com/watch?v=FHsIus9tAHM
Ugzn1gjIkA4HHkxEx6F4AaABAg,Thread,,@ぴーすけさん-i5m,2024-04-28T08:18:14Z,0,天ぷらのシーンで　一瞬だけど　道場六三郎さんが出てきたような⁉️,https://yt3.ggpht.com/WNAmrdjd97aG3g-t6pB6uj5r-wIO-VlZQwtbKZ9Pmwik9Cl2xp0ab8eGK0H0Fnj66XqRaA41lMg=s48-c-k-c0x00ffffff-no-rj,https://www.youtube.com/watch?v=FHsIus9tAHM
UgzDFAfy60MZ4fVkyYp4AaABAg,Thread,,@hama-warabi,2024-06-02T10:40:29Z,1,塩分は、濃口醤油より薄口醤油の方が高い。,https://yt3.ggpht.com/ytc/AIdro_mmjczZ-o2K1vRQtpTjeHPoouMqkNKntATvow_MJT8=s48-c-k-c0x00ffffff-no-rj,https://www.youtube.com/watch?v=FHsIus9tAHM
Ugyc0Zq4iRr91nW5RtF4AaABAg,Thread,,@kokujin1043,2024-05-14T01:21:54Z,0,"江戸の街を歩いてみたいです
海外なら旅行で行けるけど過去は無理だからなあ",https://yt3.ggpht.com/ytc/AIdro_m21JMyw176ucuAB_dYkS1r_MbiEGXBmRPMAJagDtU=s48-c-k-c0x00ffffff-no-rj,https://www.youtube.com/watch?v=FHsIus9tAHM
UgxoebF7Y23OrFvhdyJ4AaABAg,Thread,,@ザルドス1175,2024-03-16T09:36:40Z,0,道場六三郎？,https://yt3.ggpht.com/2veMUJOzcZ6RuN52K8u_mWajHtaNSDVLQkzCrbzjWCs5luw_UqHIwfySZewo0raxs-FGofA-oA=s48-c-k-c0x00ffffff-no-rj,https://www.youtube.com/watch?v=FHsIus9tAHM
UgwAFhPRz7u5HfJdFmJ4AaABAg,Thread,,@nikukyuu263,2024-06-05T14:52:52Z,0,油断した飯テロやんw,https://yt3.ggpht.com/7g7Ar7SGXM06mo3w5fOK4N4eDdIvLJkIZen4AH2oog4X7Q-DC3G5cFr_0rRrSD86bHiPZ7-D0Q=s48-c-k-c0x00ffffff-no-rj,https://www.youtube.com/watch?v=FHsIus9tAHM
UgwZ1xxDMmfONtHqJCp4AaABAg,Thread,,@MASATAKA-r4g,2024-04-08T20:16:51Z,0,"玄米､納豆､漬物味噌汁
目刺し､卵が有りゃ最高🎉😂",https://yt3.ggpht.com/JLYypnbmoaEBWRGXfZs8rvTyuneSje998I4gqu7ZsONZSOs48bPV6c7lRMxrGvBapW3Jcq5G4w=s48-c-k-c0x00ffffff-no-rj,https://www.youtube.com/watch?v=FHsIus9tAHM
UgwhyAn-RT6r0fZ8eih4AaABAg,Thread,,@odabutsu3203,2025-03-24T09:51:19Z,0,"市っつぁんをサムネに持って来ないでくれ

長い動画なのに最後まで観ちゃったの❤",https://yt3.ggpht.com/ytc/AIdro_n0b4HwZ3xUZXBy4mg-R9pcQWgGEugTusce7DihaC0uFQ=s48-c-k-c0x00ffffff-no-rj,https://www.youtube.com/watch?v=FHsIus9tAHM
UgxKBKbO7WNp_mdA2It4AaABAg,Thread,,@カナブンの裏側に激似,2025-06-08T14:07:27Z,0,濃口醤油と薄口醤油は色の違いです。塩分濃度は薄口のが高い,https://yt3.ggpht.com/ytc/AIdro_nGXziJM0qy42lDa5NJLS02THn1OGovrk3S5Di21tzqblm_wDJI7bFECRa4uzknh5W5dIlo=s48-c-k-c0x00ffffff-no-rj,https://www.youtube.com/watch?v=FHsIus9tAHM
UgzbK6FrXF0Fdox0qX14AaABAg,Thread,,@user-bo3pm3tk1u,2024-05-30T12:22:24Z,0,ケバブも１００年後は高級ケバブ店が出来るという事ですね。,https://yt3.ggpht.com/ytc/AIdro_kvLjmNwnVaXLQzbgDOuB7o1swFXOQzy0EfHieK3oFGH-lAtvLT5vuA0fnHn4ZH1nDga4Gf=s48-c-k-c0x00ffffff-no-rj,https://www.youtube.com/watch?v=FHsIus9tAHM
UgzclewJCgL-tdEVr3p4AaABAg,Thread,,@斗輝弥濱村,2024-03-03T02:12:29Z,0,江戸の寿司なら、１０００円あれば十分食べられそう。,https://yt3.ggpht.com/-EiZM6K6wjgJ7okpd-J75Z32QX5F2b4Ejb0nnGUqTHE3omqPffpdIOfnX_AbQIC8XAN1cdg-RA=s48-c-k-c0x00ffffff-no-rj,https://www.youtube.com/watch?v=FHsIus9tAHM
Ugy9ABF6hR9YCAhiqAN4AaABAg,Thread,,@Jtttcagn,2024-01-18T03:50:23Z,2,勝新😂😂😂,https://yt3.ggpht.com/ytc/AIdro_nWTAn68jL4xsZTa01foVuX2eDJfpoafLgCPLKu_f4=s48-c-k-c0x00ffffff-no-rj,https://www.youtube.com/watch?v=FHsIus9tAHM
Ugyobh_v2GwzmABh0R54AaABAg,Thread,,@アベマリア-w5m,2024-05-24T17:51:33Z,1,江戸時代の日本は世界的な経済大国でしたから、知られている以上にゴージャスだったのではと思いました。寿司、蕎麦の屋台もあったそうです。,https://yt3.ggpht.com/Clv0pP69TIDsbC8F0i2nd8ey2Q8vDnqKpR7xBxh7mDIaFkg9hqrOifwTU3WvtQkvRS8BsSYKVY8=s48-c-k-c0x00ffffff-no-rj,https://www.youtube.com/watch?v=FHsIus9tAHM
UgyzifINzkUmnH2tOER4AaABAg,Thread,,@ユウ-c1g,2025-05-26T22:21:08Z,0,横綱ではなくて横網,https://yt3.ggpht.com/ytc/AIdro_kAIq160YNDoRjpBFwuDV-m94DGRg51CMjvzvjv_aHw1Cw=s48-c-k-c0x00ffffff-no-rj,https://www.youtube.com/watch?v=FHsIus9tAHM
Ugy3wRgTy2IjQuVOX8l4AaABAg,Thread,,@hirosakaba,2025-02-27T03:56:15Z,0,共用の醤油って二度漬け禁止だったりしたのかな,https://yt3.ggpht.com/ytc/AIdro_m-giAKFuI8GObDHtaJ8kQNYuz2FWeEYLujC2KSSOo43yc=s48-c-k-c0x00ffffff-no-rj,https://www.youtube.com/watch?v=FHsIus9tAHM
UgwTR4jeIP4KcNql3uN4AaABAg,Thread,,@長谷川-d9i,2024-02-26T05:55:26Z,0,次は東京の福生市がいいですね,https://yt3.ggpht.com/hzth8G_4DJSKj4nB13PXDKUgw497f_2NhLhpyECRkzDLv-hrK8OnxoN--kGpZHeQ_NImzMwN=s48-c-k-c0x00ffffff-no-rj,https://www.youtube.com/watch?v=FHsIus9tAHM
UgwCIfgCdZWJEilH0l94AaABAg,Thread,,@坪内チタン,2024-01-17T21:47:12Z,2,結局肉はうまいし身体にいいんだなと,https://yt3.ggpht.com/ytc/AIdro_miXdeNv67VWadiEFzbeigD2Z-nHOEoDWXkHKo98A=s48-c-k-c0x00ffffff-no-rj,https://www.youtube.com/watch?v=FHsIus9tAHM
Ugz7ElJqjhMmINPx7Xl4AaABAg,Thread,,@tr4204,2024-01-21T15:53:37Z,4,凄く面白くて勉強になりました！さっきオススメに出てきて、なんとなく観てみたのですが、早速チャンネル登録させて頂きました！他の動画もこれから楽しませて頂きます！,https://yt3.ggpht.com/ytc/AIdro_l_cdb12iEvfbconWqKW89iqSh69jL-NdmjZIuXCkr9Yg3iLzKFdf8SG32lYrR3AmrM9A=s48-c-k-c0x00ffffff-no-rj,https://www.youtube.com/watch?v=FHsIus9tAHM
UgxD-Ljw9sS5w03-6MZ4AaABAg,Thread,,@user-kb4fc9st1q,2024-12-31T10:30:43Z,1,上級武士や大名が意外と質素だったのは儒教や仏教の質素さを尊ぶ思想に準じていた部分もあるのだろうな。その点では庶民の方が現世利益重視で享楽的だったのだろうね。,https://yt3.ggpht.com/ytc/AIdro_lqMKhmfn1wlPNorLE79OJ-DYaN5pkfiz1hYhwB3666V8I=s48-c-k-c0x00ffffff-no-rj,https://www.youtube.com/watch?v=FHsIus9tAHM
UgxGCo5J9csqWDppVKJ4AaABAg,Thread,,@世捨て人-w9r,2024-01-17T20:36:13Z,12,"江戸時代、上方から江戸に下った酒は、灘（神戸から西宮にかけての地区）の酒のことをさすそうです。
現在でも水が硬水なことから灘の男酒と言われますね。
伏見は、軟水ですから伏見の女酒と言われますが、京都市内に位置しており、海から離れていることから船舶での大量輸送に不向き＝江戸に下る酒ではなかったそうです。
このことから「くだらないもの」というへりくだった表現が生まれたとか。
小学生の頃、社会科の見学で訪れた灘の某大手酒造メーカーの工場で聞いた話です。",https://yt3.ggpht.com/ytc/AIdro_kb8d9MQcHiggmCBAHVEPHRB94fVm1iFLop1vtYP3Gy7YGzDIs=s48-c-k-c0x00ffffff-no-rj,https://www.youtube.com/watch?v=FHsIus9tAHM
UgxGCo5J9csqWDppVKJ4AaABAg.9zgGYC1aG_99zgSdYhjq-l,Reply,UgxGCo5J9csqWDppVKJ4AaABAg,@poponsingers,2024-01-17T22:21:57Z,1,実にお見事なSNSには滅多にお目にかかれない素晴らしい文章ですね。感服いたしました。,https://yt3.ggpht.com/ytc/AIdro_lBiM0DiBYtdFBVb3yDbtVcZDorBi2xPNP5J6RceTEGSA=s48-c-k-c0x00ffffff-no-rj,https://www.youtube.com/watch?v=FHsIus9tAHM
UgxGCo5J9csqWDppVKJ4AaABAg.9zgGYC1aG_9A0nZdJJ7Uud,Reply,UgxGCo5J9csqWDppVKJ4AaABAg,@shirogane_ALTO,2024-03-10T09:40:33Z,1,"（；＾ω＾）
車乗るから最近飲まなくなったけど
伏見の酒（月桂冠とか月とか）は下戸の自分でもいけちゃうくらいうまい。",https://yt3.ggpht.com/t_B2b1CTqAIrlOiwhwz2m_TfsnQy9rK4dtB7aY4ZxdsoemZpRI2tcOm98I05MKP7YghdqIld=s48-c-k-c0x00ffffff-no-rj,https://www.youtube.com/watch?v=FHsIus9tAHM
UgxrOxVbAvfk_SzFkXt4AaABAg,Thread,,@3c885,2024-10-28T21:32:03Z,0,江戸東京の味は甘さもつよいです歌舞伎座の前の古いお弁当屋さんの味かな？,https://yt3.ggpht.com/ytc/AIdro_nMCiLtjTS42dJvyQmwkrR6D2Vqp2GeYU7Nv-S8J9M=s48-c-k-c0x00ffffff-no-rj,https://www.youtube.com/watch?v=FHsIus9tAHM
Ugz-pZQehlRI7C9Lk4h4AaABAg,Thread,,@momotaaro,2024-11-28T03:49:41Z,0,"江戸とは違って農村ではわずかな大豆以外にタンパク源ほとんどなかったのかなぁ。
川で運良く小魚取れた大ラッキー、くらいのイメージ。",https://yt3.ggpht.com/KnuzV7xsjrHzIsUDpOXwhYQkr05KqIgJ1g0z8SBWQUM7HHoGLj2eyl5f7gkx6VsamNdLME6x=s48-c-k-c0x00ffffff-no-rj,https://www.youtube.com/watch?v=FHsIus9tAHM
Ugy0YeoSxgJnmT3aGZp4AaABAg,Thread,,@moon-gx8ie,2024-01-18T11:32:22Z,6,"電子レンジも冷蔵庫も炊飯器も無い時代　朝　ご飯を炊いてそれで一日もたせるのだから外食も発達したのでしょうね。
上方から下ってきた酒は上物とされ　それ以外は「下らない」の語源になった訳だ。",https://yt3.ggpht.com/ytc/AIdro_nt6Nd6Jt5DIXw03qTsFEnSDahqq097pb3LM_xzJZ4=s48-c-k-c0x00ffffff-no-rj,https://www.youtube.com/watch?v=FHsIus9tAHM
UgyqnbirEL6X2_Y3OsZ4AaABAg,Thread,,@takayoshi6918,2024-08-22T03:46:40Z,0,"醤油番付
千葉も良いが、龍野の製造所もランク入りしてほしい
by兵庫民",https://yt3.ggpht.com/ytc/AIdro_lSxrTk25LJeRhSl5pRl4sUKv607EvIn4zK1haHBbU=s48-c-k-c0x00ffffff-no-rj,https://www.youtube.com/watch?v=FHsIus9tAHM
UgxhRGrb6IwWvpH9dCF4AaABAg,Thread,,@久保惠市,2025-01-21T11:40:04Z,1,本所よこあみ   です。重ね重ね。,https://yt3.ggpht.com/ytc/AIdro_n1zG1nUaz9wy3C35-hQQUXdWXhDDQVtPBb3DYVQwY=s48-c-k-c0x00ffffff-no-rj,https://www.youtube.com/watch?v=FHsIus9tAHM
UgwwjnorXgnJcTe8rYN4AaABAg,Thread,,@cclemonp99,2024-12-09T13:15:03Z,0,塩分濃度で言えば濃い口しょうゆより、薄口しょうゆのほうが塩分濃度は高いよ,https://yt3.ggpht.com/ytc/AIdro_ntIiXnT1QmVsblkHGb3lrVj7Cmsvhs1VNCp0h5-6A=s48-c-k-c0x00ffffff-no-rj,https://www.youtube.com/watch?v=FHsIus9tAHM
UgzZRPPnikipKRtdAAB4AaABAg,Thread,,@nakamura2geki,2024-05-21T04:50:48Z,0,このクオリティのコンテンツがタダで見られていいのか・・・？？？？？？？？,https://yt3.ggpht.com/ytc/AIdro_l5eSV7prNtS83VufKju5lVVH7iAtRpgHV9og-omHrldQ=s48-c-k-c0x00ffffff-no-rj,https://www.youtube.com/watch?v=FHsIus9tAHM
UgxQnLD6J5sKwqIsK714AaABAg,Thread,,@Hanayama__Kaoru,2024-03-08T17:59:48Z,0,昔の豆腐クソでかいからなぁ,https://yt3.ggpht.com/ytc/AIdro_kVW8pdK5fr1IsbTiI_u-6CLmEZit3WPUPyLrENO1g=s48-c-k-c0x00ffffff-no-rj,https://www.youtube.com/watch?v=FHsIus9tAHM
Ugy2TSKIKWS-y5GQWu94AaABAg,Thread,,@戸部和久-p7l,2024-02-07T16:27:50Z,0,だいこんがしではなく、だいこがしですね。,https://yt3.ggpht.com/3lA5K-gINsOJw-9oa00-gzUsUHVkTM3vvejSQo7nePUO0bCPDL2NGmrFYtOHWxDdPCICeK5W=s48-c-k-c0x00ffffff-no-rj,https://www.youtube.com/watch?v=FHsIus9tAHM
UgzTRccueDrtrazKq_J4AaABAg,Thread,,@かつよし-w6i,2025-01-27T07:14:34Z,0,勝新太郎は世界一美味そうに食べるね！,https://yt3.ggpht.com/dCGoAcUzSXB-wMYm5cm5PlcZnb02zaK74_GMEtLVO0Yu1qla9sDIjvCapMV86h_L3lDqHQdLHpc=s48-c-k-c0x00ffffff-no-rj,https://www.youtube.com/watch?v=FHsIus9tAHM
UgyYV_2gBxfPMCfzett4AaABAg,Thread,,@gitanes9071,2024-06-21T02:26:49Z,0,元魚屋けれども、関東のうなぎは「蒸す」だよね。中部関西では蒸さない（浜名湖でも）関東のうなぎの風味がなくてうまいとは思えなかったな。,https://yt3.ggpht.com/E_UcyePVMXjRMua-wTKSltbH0pamBoJwZKZVQlyAIVo82rxj8p0IwXfy6PVxpqa4rE-shWwVog=s48-c-k-c0x00ffffff-no-rj,https://www.youtube.com/watch?v=FHsIus9tAHM
UgxwFHMH1bVg1daLDiR4AaABAg,Thread,,@やっち-p1i,2024-03-06T12:24:30Z,0,あ！沼田爆さん( ・∇・),https://yt3.ggpht.com/xDAO8aKabzX9njxR7wdwMUrrjj23sBB6j2f66UTfOZb7-kESAiQrLoFKoeoMcBuImYxxki8g2w=s48-c-k-c0x00ffffff-no-rj,https://www.youtube.com/watch?v=FHsIus9tAHM
UgxfiK62JQws2JDQ-it4AaABAg,Thread,,@じじoyaji757,2025-02-03T09:47:11Z,1,おかず無いから米沢山食べてたんだね。,https://yt3.ggpht.com/PMF27VDyZv5zZ1sSb-HVSfsVuoN_Nx1MGkqekcaIwUmvtRV0Jz-rXep4u2jiTzch_S_5U8NV4Z8=s48-c-k-c0x00ffffff-no-rj,https://www.youtube.com/watch?v=FHsIus9tAHM
UgwjVuLfZlIM0fRlxY54AaABAg,Thread,,@上村出雲,2025-10-14T13:50:27Z,0,"13:30井伊家の牛肉の味噌漬けは、本来陣太鼓用の牛革を御役目にしてた副産物で、本来藩主の一存でどうなる物でも無いんだが・・・・
有能でも頭固いのは問題なのよねえ・・・・・・。",https://yt3.ggpht.com/ytc/AIdro_mRWFGZuixt2mq5RFg1mBIubyy-RHIriXTHjG3ojJQ=s48-c-k-c0x00ffffff-no-rj,https://www.youtube.com/watch?v=FHsIus9tAHM
UgzhOi4tcVFgi-4-DG94AaABAg,Thread,,@なんさんやびゃー,2024-11-30T10:24:54Z,0,小麦あったんか、、、,https://yt3.ggpht.com/ytc/AIdro_lGiCOI3ygPquHBv5yiDnVNV-7eLKjNxqxXZpuIMQP-TUsn23EsFeT7BUPyrNf6JBdJMsHY=s48-c-k-c0x00ffffff-no-rj,https://www.youtube.com/watch?v=FHsIus9tAHM
UgwOVnwbkjh-gK22PSR4AaABAg,Thread,,@ootomo3476,2024-07-17T03:23:33Z,0,"勉強になります(^人^)江戸文化いいですね。江戸の人は肉の効能？にも敏感。そしてそれら種類にも色々と呼び名を付けたりと、現代人よりも食に対する楽しみ方や繊細さを強く感じました。
現代人は食しながらスマホに熱心（汗",https://yt3.ggpht.com/ytc/AIdro_nZD6AgzEdqjBJp2-EeFljahb0a0Zg8fyPBuCNlX9lR54U=s48-c-k-c0x00ffffff-no-rj,https://www.youtube.com/watch?v=FHsIus9tAHM
UgzhyYQYyMUiw1ShTvV4AaABAg,Thread,,@馬屋古女王,2024-02-22T11:12:13Z,1,米=白米  の語りかたは？  と思いますが、丸ごと頂く食事は見習いたいです❗️,https://yt3.ggpht.com/lszyKAH4XDlgVLSl7vDMX1Je6rrtQNPTsVQa6DLxyAbpScraG0A8pGkUQObIRmiuypHkX-YN3kg=s48-c-k-c0x00ffffff-no-rj,https://www.youtube.com/watch?v=FHsIus9tAHM
UgwxMOoHnntuWBAUec54AaABAg,Thread,,@戸塚一英,2024-08-03T10:58:25Z,0,"薄口醤油と濃い口醤油…
濃い口醤油のが塩分は少ないのですが…
同量なら薄口醤油のが塩分は多いですよ😅",https://yt3.ggpht.com/8n04avEHSr16VNfVcJ8hULo19CzE8QWERfxhByn4YwZWlkYzR8lnjAdDAKjp4b04BXaDAyuH=s48-c-k-c0x00ffffff-no-rj,https://www.youtube.com/watch?v=FHsIus9tAHM
UgzEWBFZ4OCTu9SRZ394AaABAg,Thread,,@us-lp9dw7272,2024-06-16T15:30:40Z,0,農民の苦情で家康の腹心の武士を処罰し、武士の権力は公の為以外不可私利私欲は罰せられる。,https://yt3.ggpht.com/ytc/AIdro_lBowNs4U6HwS8Y8kltXK-q158A-MY1f-GPkks_C6BVXQ=s48-c-k-c0x00ffffff-no-rj,https://www.youtube.com/watch?v=FHsIus9tAHM
Ugyv2-MdMsbCbqnhsA54AaABAg,Thread,,@Kappa-Lub,2024-02-28T14:46:22Z,2,薄口　色が薄いだけで塩分は濃口より多い,https://yt3.ggpht.com/rR6pnhFHH7Q-v-L-D0-3XJaPdQtit5d_sU0G493xdilLCoKCotrwzDhyzgS6Tc3oYx6llQx7Xw=s48-c-k-c0x00ffffff-no-rj,https://www.youtube.com/watch?v=FHsIus9tAHM
Ugyv2-MdMsbCbqnhsA54AaABAg.A0MmtTA79d8A1-vbQMcba-,Reply,Ugyv2-MdMsbCbqnhsA54AaABAg,@娘ちゃんねる抹茶味z,2024-03-15T14:11:24Z,0,使う量が段違いなので関東料理はしょっぱいです,https://yt3.ggpht.com/RJRwROoFNlsRUXkmGYPCTIVsuqx7Mw_Son1vaonitPo8illBn2cD3sDwtaGIaQx1ckNC5l-U=s48-c-k-c0x00ffffff-no-rj,https://www.youtube.com/watch?v=FHsIus9tAHM
Ugyv2-MdMsbCbqnhsA54AaABAg.A0MmtTA79d8A6l-RCiVUZX,Reply,Ugyv2-MdMsbCbqnhsA54AaABAg,@Kappa-Lub,2024-08-05T12:54:04Z,0,"​@娘ちゃんねる抹茶味z 自分は関西の方が
しょっぱいとおもいますよ。
事実
関東は色が濃いだけで塩分はそんなにない
東京～九州鈍行で旅してうどんだけ食べたことがあるが
大垣からはっきり変わります
関西のほうが明らかに塩辛いよ。
使う量は関西が多い。
同じ色にするなら別ですけどね
江戸が濃口なのは出汁
鰹など魚介だしのせいです。
艦載は昆布だしなので薄口の塩分が必要だった
関東はカツオなどの塩分がある為関西ほど醤油に塩分は必要ない
米九州の醤油は濃く甘口なのは
温かい気候塩分補給が頻繁に必要だったためだし
アゴ＝トビウオ　関東と同じ魚介だしです",https://yt3.ggpht.com/rR6pnhFHH7Q-v-L-D0-3XJaPdQtit5d_sU0G493xdilLCoKCotrwzDhyzgS6Tc3oYx6llQx7Xw=s48-c-k-c0x00ffffff-no-rj,https://www.youtube.com/watch?v=FHsIus9tAHM
Ugz7Xg-oHZlLBMNyaK14AaABAg,Thread,,@MAX-ul9nx,2024-02-09T03:02:43Z,0,今は政治家の方が贅沢してるな,https://yt3.ggpht.com/ytc/AIdro_k8_-adZqDveONsC5B5j8x15meO72LsZQAf6d5qn1o=s48-c-k-c0x00ffffff-no-rj,https://www.youtube.com/watch?v=FHsIus9tAHM
UgybiBy3TazktVGqurZ4AaABAg,Thread,,@小林隆志-v4k,2024-12-12T10:17:07Z,0,16紋はジャイアント馬場だー🎉,https://yt3.ggpht.com/ytc/AIdro_kSgzsn-PaGdvyWXb6AMhFa1gscZpG84RXiatevNLqmSu1hqWQ=s48-c-k-c0x00ffffff-no-rj,https://www.youtube.com/watch?v=FHsIus9tAHM
UgxzV62EEU9gjFzza1N4AaABAg,Thread,,@田中康夫-d6g,2024-06-22T15:40:48Z,0,"やっぱり薄口に戻す
勿論塩分濃度はチェックを‼️",https://yt3.ggpht.com/8EQL8X397aft-bOy7njpAc5pbRDP-H3DmIcND__WIFEIkdTJSPIvIdfKm-vuB4g8ewzs221KCg=s48-c-k-c0x00ffffff-no-rj,https://www.youtube.com/watch?v=FHsIus9tAHM
UgwHljZsVM3zs6N4ect4AaABAg,Thread,,@Henry_Norman,2024-01-24T14:22:30Z,8,"醤油の濃口と薄口で、よくある間違いがあったように思います。
濃口醤油は、色が濃く、味は薄いです。薄口醤油は、色が薄く、味は濃いです。",https://yt3.ggpht.com/gFqkPyr_l_6hbzlAWfm4M-CbuxGHmMgk5Pr7ZzGl6kOz6hI2goZv_P1PGfIC8Hk1BjTxBruV=s48-c-k-c0x00ffffff-no-rj,https://www.youtube.com/watch?v=FHsIus9tAHM
UgzCsFU-LGXyg4s7AA54AaABAg,Thread,,@いけだなな-q9n,2024-01-21T02:15:00Z,1,江戸時代に焼き鳥があったのかなぁ,https://yt3.ggpht.com/ytc/AIdro_lCZ_epU70Bqw9thAclso-TuWiVD50pySX4N4zR-o89R92xi16baTqb5BMbXYhQ3Pjjd8yA=s48-c-k-c0x00ffffff-no-rj,https://www.youtube.com/watch?v=FHsIus9tAHM
Ugxq4T4ycwx71F-ejhZ4AaABAg,Thread,,@RS-yw7gf,2025-06-04T11:25:07Z,0,それを、財務、自民にも言って,https://yt3.ggpht.com/ytc/AIdro_mp9e5dv3CwyqmIDcFEHElms2Q0z8qNqIjJqwTnBX8=s48-c-k-c0x00ffffff-no-rj,https://www.youtube.com/watch?v=FHsIus9tAHM
UgxTdjAyNqDiWJZCoAl4AaABAg,Thread,,@砂男-v7f,2024-04-16T12:33:09Z,1,濃口醤油と薄口醤油の認識逆じゃね,https://yt3.ggpht.com/ytc/AIdro_kZxHzm0I59uxb7jA0_QH6rIgby8sElbqtLswqpIL0HGw=s48-c-k-c0x00ffffff-no-rj,https://www.youtube.com/watch?v=FHsIus9tAHM
UgxaK0WFCfBfnNKI4L14AaABAg,Thread,,@nyarome3,2024-01-19T12:39:18Z,2,コレラ、赤痢、食中毒はあったがペスト黒死病が流行らなかった事は凄いな。寄生虫は昭和になっても続いていた歴史ものだよね。,https://yt3.ggpht.com/ytc/AIdro_kdjzhuv63y7crfMY9yGXPavDS0xLlH7qnJ4fTZMM79hA=s48-c-k-c0x00ffffff-no-rj,https://www.youtube.com/watch?v=FHsIus9tAHM
UgxaK0WFCfBfnNKI4L14AaABAg.9zkZYuwAY0p9zxl1M0ilTX,Reply,UgxaK0WFCfBfnNKI4L14AaABAg,@factoflife1120,2024-01-24T15:38:26Z,0,"ペストの媒介元のネズミが少なかったんですかね？
動物の死骸の引取りやふん尿の買取まであったらしいですから、随分綺麗な街だったんでしょうね
逆に食には貪欲というか、こだわりがあったみたいですし、脚気含む食物由来の疾患は多そうなイメージあります",https://yt3.ggpht.com/ytc/AIdro_nlVWRC72rq19H6fPMnKkISHK_o7Au7OfUuFX16VxZ8u5Y=s48-c-k-c0x00ffffff-no-rj,https://www.youtube.com/watch?v=FHsIus9tAHM
Ugxf7DECIGOsf93fkEh4AaABAg,Thread,,@kanapanda8,2024-06-04T01:50:28Z,0,天ぷら屋台のオヤジ、六さんだ！,https://yt3.ggpht.com/ytc/AIdro_n5GeW0DmpH5lw5rQ5KcdO_umdB5q_eEcF7dY9Q3IY=s48-c-k-c0x00ffffff-no-rj,https://www.youtube.com/watch?v=FHsIus9tAHM
UgwfhZMZJCYY4sDdSEZ4AaABAg,Thread,,@kunihiro_nishimuki,2024-01-18T22:30:57Z,24,"いつもながら思いますが
素晴らしい構成ですね",https://yt3.ggpht.com/ytc/AIdro_kjUb9yMfV9Rli35r856Sk6F2kROp1cHbg0HmfpZhsd2jE=s48-c-k-c0x00ffffff-no-rj,https://www.youtube.com/watch?v=FHsIus9tAHM
Ugx283OtZqGXSfWXGfV4AaABAg,Thread,,@ジュニア-d6q,2024-03-07T13:04:28Z,0,桜田門外の変が近江牛の恨み説は初耳でした(笑),https://yt3.ggpht.com/ytc/AIdro_kPMKzPTLY_bmyMU7nTlxamnCqCYq6Qw1fvTtuvHZ35HPtDmZv8XGtSUT4cADMfkgCEjW5BCSho=s48-c-k-c0x00ffffff-no-rj,https://www.youtube.com/watch?v=FHsIus9tAHM
UgzKVw8si_5uXCfLI5h4AaABAg,Thread,,@Fooooolil,2024-05-08T19:18:02Z,1,濃い口と薄口の違いが全く分かってない動画,https://yt3.ggpht.com/SeolYd0KVph9bvNP5zlxJqjoPOpApfGhp_npHV85WYYU1ZRa1UcHuqnYSNRx9y3KRFMUkdI=s48-c-k-c0x00ffffff-no-rj,https://www.youtube.com/watch?v=FHsIus9tAHM
UgyDp5GYu4hJRw7IaMB4AaABAg,Thread,,@Hime26,2024-06-18T11:24:34Z,0,なるほどなるほど(oゝД･)b真似しよう,https://yt3.ggpht.com/ytc/AIdro_meYAh6NPkc3qZ9RQbztfozX2jknUqc69hcasQTLZa7CCWY6MHmzRI1I6I59gYFhEiQXA=s48-c-k-c0x00ffffff-no-rj,https://www.youtube.com/watch?v=FHsIus9tAHM
Ugz4Se53y4EJg4fFVAx4AaABAg,Thread,,@grify051,2024-12-05T19:44:37Z,0,5合も食ってたのか,https://yt3.ggpht.com/ytc/AIdro_lqawoASbbBNE4A0N7S6iND4AyUDTRj8xsOOOPXQ-s=s48-c-k-c0x00ffffff-no-rj,https://www.youtube.com/watch?v=FHsIus9tAHM
UgwSqzy47bj3feCR0Q14AaABAg,Thread,,@モドリッチ-f2y,2025-05-19T12:52:33Z,0,たんぱく質が圧倒的に足りない,https://yt3.ggpht.com/SCdFpbVO2slHz1AWZcq7PAVip_lK0SGQA1oUChSVzEhxIRV0p6sSfC_RKbrVHTU5OGPkZmVjaA=s48-c-k-c0x00ffffff-no-rj,https://www.youtube.com/watch?v=FHsIus9tAHM
Ugy8xDHicF5JUomGTv54AaABAg,Thread,,@SuperX128,2024-12-31T17:12:17Z,0,濃口しょうゆより薄口しょうゆの方が塩分濃度は高いぞ？,https://yt3.ggpht.com/ytc/AIdro_lImzohGYP4PmzgZ57L3UuvKCx6k7GMPLVPALTPDVQ=s48-c-k-c0x00ffffff-no-rj,https://www.youtube.com/watch?v=FHsIus9tAHM
Ugxlavi1DOLQPrQtteZ4AaABAg,Thread,,@invisiblekn,2024-03-03T02:47:35Z,1,テーマと流れは素晴らしいと思うんだけど、随所に見える調べ不足が見え残念です。,https://yt3.ggpht.com/kN1KX42iSz3OgZENBzlRHhNN3NmsS8bG9e3U7BJ5Q_H7Ri0XeNisFrmitZTWvNutmEIboE-Q1vk=s48-c-k-c0x00ffffff-no-rj,https://www.youtube.com/watch?v=FHsIus9tAHM
UgxB64b7Vp63ZhXzFjd4AaABAg,Thread,,@長沢芦雪の犬,2024-12-09T07:54:15Z,0,俺より食ってるわ,https://yt3.ggpht.com/aD6LcAadInd9A-yvzpA7ikqX1RoGaXqdEMSFVJE8cYvNF8vuep-g44isLyhEMLjXwhkGI7r9=s48-c-k-c0x00ffffff-no-rj,https://www.youtube.com/watch?v=FHsIus9tAHM
UgzWV9059Kw_L69SXHh4AaABAg,Thread,,@broadcaster-ishigaki,2024-09-26T10:34:01Z,1,"薄口しょうゆと濃い口しょうゆの理解度が足りませんね。
見た目で濃い・薄いと表現したものです。
塩分濃度は薄口の方が多いのですよ。",https://yt3.ggpht.com/ytc/AIdro_nMda1yjRg15AAG7reU0LBKSjGsj5juRaZpL9qnkuHxGBY=s48-c-k-c0x00ffffff-no-rj,https://www.youtube.com/watch?v=FHsIus9tAHM
Ugwz6aOY8iwzDw8-ggp4AaABAg,Thread,,@岡田信広,2024-09-17T09:01:41Z,0,鰻の蒲焼きは銚子、野田の濃口がでてきてから人気になったそうな、それまでは薄口であまり人気はなかったらしい。,https://yt3.ggpht.com/ytc/AIdro_mGRzMPKRzKllsSN_tWFjNh09ZlTID7AIJPmGA2emo=s48-c-k-c0x00ffffff-no-rj,https://www.youtube.com/watch?v=FHsIus9tAHM
UgzEV8eUO6GX9Tr9ZYl4AaABAg,Thread,,@hideto.latrova7157,2024-02-05T03:47:20Z,0,仕掛けて仕損じ無し　名付けて仕事人ですね！,https://yt3.ggpht.com/Ab417id5fRGIKQXE-Wx1jjEkhpf4HI078r1sMug9GmpTAkVpv7UzDaqPdQ_o8jML03OXQPkzag=s48-c-k-c0x00ffffff-no-rj,https://www.youtube.com/watch?v=FHsIus9tAHM
UgwA3cZHHXg4NhL50aB4AaABAg,Thread,,@Rasptin-d3b,2024-06-13T21:59:45Z,0,"明治になって日本の過去はかなり捻じ曲げられて伝えられている気がする。
まぁ幕府の治世を完全否定しないと自分達の存在を誇示できなかったのでしょうけどね。",https://yt3.ggpht.com/ytc/AIdro_l3eSdJrs9xkcAFM7kExUd2KzasO2x_y1BOcwBOQFRsO4jhq02GQpbHzLNdWF64M9fNlQ=s48-c-k-c0x00ffffff-no-rj,https://www.youtube.com/watch?v=FHsIus9tAHM
UgxHHS0f5JhsuK10h154AaABAg,Thread,,@マニトゥGOLD,2024-03-30T08:50:57Z,0,殿様より庶民が金持ちだったなんて、今の政治家と国民の逆だね。,https://yt3.ggpht.com/q-_Ri-MAeGnmol-iY5rIEBQJwbKuD3F_rtZA7GfqId3lU7CfTl3iFvKQBCDR3I92TRq2D9976Q=s48-c-k-c0x00ffffff-no-rj,https://www.youtube.com/watch?v=FHsIus9tAHM
UgwmdJAxbIx1tY00Hxl4AaABAg,Thread,,@makochan766,2024-03-03T10:51:56Z,3,こりゃ良い動画だ、今夜は寿司にしよう🍣,https://yt3.ggpht.com/ytc/AIdro_lTu5-_WckZgPzOC_Z5hyjNuktCEG_XFS_FhXlp9k0=s48-c-k-c0x00ffffff-no-rj,https://www.youtube.com/watch?v=FHsIus9tAHM
Ugzd-9A7OzyBsg7pCpZ4AaABAg,Thread,,@YasuriKatame,2024-01-17T21:42:10Z,9,"6:23 今の濃口醤油は色こそ濃いですが塩分濃度は薄口より低いです　当時はどうだったんでしょうね

武士は食わねど高楊枝と言いますか、普通に美味しいものや凄いものを美味しいとかスゴイと言わない向きがあるようなので
武家の残した文面をそのまま鵜呑みにするのは間違いのもとですよねｗ",https://yt3.ggpht.com/ytc/AIdro_k3Q0kV7RLJMHwRuqn6F_CktZ-hui8yza2QAqWnG4A=s48-c-k-c0x00ffffff-no-rj,https://www.youtube.com/watch?v=FHsIus9tAHM
UgyX1qljBECIsPLJ3SF4AaABAg,Thread,,@松井英男-d9y,2024-10-16T08:18:05Z,0,野菜とたんぱく質が足りないネェ😂,https://yt3.ggpht.com/ytc/AIdro_kLAR5qJgus986wbH2t2jW7TcqQVb1QlPYg0AY4hNKx24nX5Ac=s48-c-k-c0x00ffffff-no-rj,https://www.youtube.com/watch?v=FHsIus9tAHM
Ugzp-qFMWGiYnbBOd7t4AaABAg,Thread,,@fukuchyan02,2024-10-23T23:46:04Z,0,うちは醤油は濃口しか買わない、薄口は塩分が強いため普通に使ってもしょっぱくなって上手くできない。今回間違えて薄口を買ってしまってる事に気づかず、いつもの様に作ったのに辛くて食べれなくて、何故だ？と思い見て見たら醤油が薄口だった事を知りショック。普段使い慣れていないから上手く扱えなくて捨ててやろうかと思ってる。,https://yt3.ggpht.com/ytc/AIdro_mutYfR_FrnnywVS0wfcbKiYKgt0JP5EjUO7unVWTs=s48-c-k-c0x00ffffff-no-rj,https://www.youtube.com/watch?v=FHsIus9tAHM
Ugx0eNyYb2KWOnzGs_x4AaABAg,Thread,,@justicia6176,2024-11-22T06:23:25Z,0,昭和の戦時中でさえ米は貴重な食材だった。今年は米不足が起きた。美味しい米を食べられるのも後何年あるか…このままでは本当に食の危機が🇯🇵弱体を招く。,https://yt3.ggpht.com/CEBdU4HGbYDRrFAzXdxeRWW7R4PbD976VBkH2_xPraAAYybDmm-_qLpMFOmV3nOcp1Hq1gTWBA=s48-c-k-c0x00ffffff-no-rj,https://www.youtube.com/watch?v=FHsIus9tAHM
UgwiBQfEOYLaNnpKM994AaABAg,Thread,,@user-dp4wv5sy3y,2024-08-10T02:14:44Z,0,"鶏肉のことを『何故、かしわと呼ぶのだろう❔』と長年の疑問でした。
大変勉強にはなりましたが、自分自身でも裏どりをする必要がある箇所があるな、と感じました。",https://yt3.ggpht.com/LmPMdC_OOSZofshkdRKDFxujOzpaW6ClG5kojwivZcbrztVTAZfR57HZK_l3ZuTWRFh7osrl=s48-c-k-c0x00ffffff-no-rj,https://www.youtube.com/watch?v=FHsIus9tAHM
UgyLHEyq21pxemozZgt4AaABAg,Thread,,@ジョナジョナ-q1g,2024-11-23T06:23:06Z,0,この時代は迎え舌で蕎麦を噛まずに飲み込むのが粋なのか？,https://yt3.ggpht.com/ytc/AIdro_kEoewp6cWZv_sq2QKBx9hzCvc13FG4UWVMuTN2TasVMTHue1IsUhIFx5W6P04MaGiss-r-lx3R=s48-c-k-c0x00ffffff-no-rj,https://www.youtube.com/watch?v=FHsIus9tAHM
UgzZ1RQahvWt-SpORLZ4AaABAg,Thread,,@Tnoel-,2024-05-23T09:11:19Z,2,人間生きるには全く充分やな。現代のなんと飽食なことやな。食だけでもこれやから。生活環境も余分なものがたくさんあるってことや。普通をもっと軽やかにせんといかんな,https://yt3.ggpht.com/ytc/AIdro_lobEygh6O_Bjl7h7mr4MTRESHAyLTBfmIrqCBX7xUBostd5FaRyhFqYGRxUGQnwchWjQ=s48-c-k-c0x00ffffff-no-rj,https://www.youtube.com/watch?v=FHsIus9tAHM
UgzZ1RQahvWt-SpORLZ4AaABAg.A3m36uhYLs5A3omdkFH_pi,Reply,UgzZ1RQahvWt-SpORLZ4AaABAg,@バリバリバリバリ-d4o,2024-05-24T10:36:22Z,0,逆にいい事じゃないの？江戸時代みたいに飢饉は無いし,https://yt3.ggpht.com/ytc/AIdro_mMhWz0Bn79gI6jfYq2Ah00h-nFWtEM9Pe-CYmkBZg=s48-c-k-c0x00ffffff-no-rj,https://www.youtube.com/watch?v=FHsIus9tAHM
UgxRX0zWjRTv6wKPtuJ4AaABAg,Thread,,@疾風震電,2024-01-21T01:57:02Z,1,"栄養偏向も多かったから脚気が多かったとも聞く
ビタミンB1不足が原因だが勿論当時はそんな知識は無かったので野菜不足が原因などと言う考えは全く無かった",https://yt3.ggpht.com/ahUTiWEf0G8M57xsy0mB0eOVvaSB3VKGs0Hzammt1zIiyNzxUZcU3lqgku4ZXWK9cYR8X3xg=s48-c-k-c0x00ffffff-no-rj,https://www.youtube.com/watch?v=FHsIus9tAHM
UgxKz98t98dUD3ttoHx4AaABAg,Thread,,@mm-cl5zq,2024-05-31T15:42:32Z,0,やっぱり川魚じゃないかねー,https://yt3.ggpht.com/ytc/AIdro_lT6SIKvdMwLGt3VV5onfOecktf5osWvZTco7lqfa4=s48-c-k-c0x00ffffff-no-rj,https://www.youtube.com/watch?v=FHsIus9tAHM
UgxIcMif5j9NpbWuR4N4AaABAg,Thread,,@user-bo4gz6hf5u,2025-03-13T05:59:06Z,0,せや今度インスピレーション聴きながら蕎麦うどんたーべよっと。,https://yt3.ggpht.com/ytc/AIdro_kMYxzuoALeklp701_RTTqcGyDmQBNx8RUq7hexDYiJAbjeefA32v6O8iwKUH_tJvomYg=s48-c-k-c0x00ffffff-no-rj,https://www.youtube.com/watch?v=FHsIus9tAHM
Ugwe_WD2s4XvMw00d9V4AaABAg,Thread,,@たくみ淀川ラブ,2024-03-30T09:32:58Z,0,SHISHAMO が 小バスに似てる,https://yt3.ggpht.com/fNMNqOyLk69Ms26tALawQ31zfyEX7iAa_W6sgvqqCZ9Dpz9FZLDPn-4H3l1QARteseXebPTdfg=s48-c-k-c0x00ffffff-no-rj,https://www.youtube.com/watch?v=FHsIus9tAHM
Ugy8f_47uHnfMwbo-dd4AaABAg,Thread,,@rohi2111,2024-03-03T04:15:29Z,0,江戸江戸江戸,https://yt3.ggpht.com/yytd9m2rvmbOa-YfuRrM4ILm_t3JHKk4x1YzAbshUNbjSU0s3XO3N9XZvRCtayBN1JAOutXRSA=s48-c-k-c0x00ffffff-no-rj,https://www.youtube.com/watch?v=FHsIus9tAHM
UgwaeGwRSgKgJqofxXR4AaABAg,Thread,,@77MM-qx6uy,2024-08-24T12:00:17Z,0,タンパク質と、コメだけで生きていけるんだよな、本来は,https://yt3.ggpht.com/3tgr7XxSfR0td3xp9TWEeRL-snHmfxQByKfuimfiH3J7gm0FBqYli4oV2oWPVEM1BmQ4-a-K=s48-c-k-c0x00ffffff-no-rj,https://www.youtube.com/watch?v=FHsIus9tAHM
Ugx-35zm4UMxXZanHyR4AaABAg,Thread,,@おにぎり-e7g,2024-03-17T17:53:16Z,0,"秋田県のハタハタだって、つい５０年前までは貧乏人の「冬の保存食」で
箱買いして塩漬けにして冬を越した。
「下賤な食材」とされ、料理店では提供されなかったが
今や高級食材になった　(´・ω・｀)",https://yt3.ggpht.com/ytc/AIdro_nOfYXoc2uyjlWu4nPyPrDOt6fj87RSCNc15qSIZPh92A=s48-c-k-c0x00ffffff-no-rj,https://www.youtube.com/watch?v=FHsIus9tAHM
Ugx-35zm4UMxXZanHyR4AaABAg.A15TaETTHlxA3nbgHm8KJP,Reply,Ugx-35zm4UMxXZanHyR4AaABAg,@灰色山猫,2024-05-23T23:41:21Z,0,産卵期にバカスカ獲れば減少するのは当たり前。減少すれば高値になるのは当たり前。,https://yt3.ggpht.com/Pquzh5PD0zKgV3DFmcqjBv5vxdbTxISHcVMWjut53U6xxUrkoJpMXBFREqmcmPH7B6dWWVF8Yw=s48-c-k-c0x00ffffff-no-rj,https://www.youtube.com/watch?v=FHsIus9tAHM
Ugw_qcjDsQzfkKom9I94AaABAg,Thread,,@shinonome.,2024-02-09T10:23:00Z,1,"吉宗って米将軍なのか…
だからパチスロで米俵投げてたのか…
米将軍だったり暴れん坊将軍だったり忙しそうだなあいつ",https://yt3.ggpht.com/ytc/AIdro_nkk5EoOyG-azQT3npW2IAFdZ0eCW-bhWCUVB0Dmix9hQ=s48-c-k-c0x00ffffff-no-rj,https://www.youtube.com/watch?v=FHsIus9tAHM
UgwF8nQlEVfENsOClTx4AaABAg,Thread,,@sinji1341scarlet,2024-02-09T10:24:10Z,1,"ふりかけなしで白米五合とか拷問だなあ。
今でいうならかなり貧しい粗食。
武士より庶民の方が良いものを食べてる。",https://yt3.ggpht.com/g6Aqe8ZhcEMDJGdDoT5ZcWkjfO6IiKDg210w7jj5EUmrn2rRYOPRlvIzS8SI1FJLGUHrFKAy090=s48-c-k-c0x00ffffff-no-rj,https://www.youtube.com/watch?v=FHsIus9tAHM
Ugy1iZYXH6wFIwZ9iK14AaABAg,Thread,,@zccx-m7f,2024-03-02T02:03:24Z,0,"12:56 獣肉に別称があるのは肉食禁忌の影響なのかなあ

内田百閒の随筆に「医者に禁じられてるのに屁理屈をこねて牛肉を食べる」話があるんだけど、タイトルの意味がいまいち分かりかねていた
『薬喰い』って、そういうことか！",https://yt3.ggpht.com/4RNFokmUJq0NsOhLmLSmMXyEkwLUu6pgvMIAB1x_jxNuhDG09tEzNSi34w4IR3nRmtXf2aEZHQ=s48-c-k-c0x00ffffff-no-rj,https://www.youtube.com/watch?v=FHsIus9tAHM
UgyAc9FKED8S53znW8J4AaABAg,Thread,,@wasabitoumigi,2024-03-08T09:21:17Z,0,"池波作品に出てくる食べ物ってどれも美味そうなんだよな🤤
あと、桜田門外の変の原因は肉ではなく尊皇攘夷派の徳川斉昭が開国派の井伊直弼による安政の大獄で永蟄居させられたからです。",https://yt3.ggpht.com/imuLWxAK695LIz3q-kiBBdpPv1JLaG60Uhu_Lq2xHyFgXVo6JFL3cE4O6m8G5chcnbvrjUHT5Lc=s48-c-k-c0x00ffffff-no-rj,https://www.youtube.com/watch?v=FHsIus9tAHM
UgwOuVpP0Z7bTj_-ERh4AaABAg,Thread,,@ryuhouishi-ken5829,2024-04-29T13:06:27Z,0,"さつま揚げを勘違いしておられるかも…？
西日本だと『揚げかまぼこ』も天ぷらって呼んじゃうから…",https://yt3.ggpht.com/ytc/AIdro_lqMGk4xodJNHc7T5PjsV1rrdtEQHYIv8gIyJjP9m26lz8k=s48-c-k-c0x00ffffff-no-rj,https://www.youtube.com/watch?v=FHsIus9tAHM
UgwH9JKXzrB5ZcIVdBx4AaABAg,Thread,,@750ライダー-b8c,2024-01-18T12:22:20Z,5,面白かったです。,https://yt3.ggpht.com/j3H5BQiN2R2VEQ2DsUbrMB1BvVLm829KumICsfGN_nE8z3ySIFHl_IpTaOWH9a5je6MKlXjKSw=s48-c-k-c0x00ffffff-no-rj,https://www.youtube.com/watch?v=FHsIus9tAHM
Ugzeg52f0BjKwUIBAJJ4AaABAg,Thread,,@多喜子萩山,2025-05-04T10:40:17Z,0,ベジタブルが少ないなぁ,https://yt3.ggpht.com/ytc/AIdro_kJPqWvKueKR6ve-T6-VP0Iwzbv9i7XSlkmXRqJMTHFLW0PvSU=s48-c-k-c0x00ffffff-no-rj,https://www.youtube.com/watch?v=FHsIus9tAHM
UgwXqtzIrb-7HSs2LsV4AaABAg,Thread,,@tm7530,2024-05-13T13:59:37Z,0,"アッコちゃん来もせず
用もないのに納豆売りがー
ま、まさか、こんなところに「納豆売り」が！？😂",https://yt3.ggpht.com/ytc/AIdro_kKbDIXDFlcolbELotr0GT2zmr8p8SklAhmh7n7XBk=s48-c-k-c0x00ffffff-no-rj,https://www.youtube.com/watch?v=FHsIus9tAHM
UgzPlUx58Lbr9NkQiFd4AaABAg,Thread,,@松下-s5u,2024-06-01T05:47:39Z,1,天ぷら蕎麦はうまい,https://yt3.ggpht.com/ytc/AIdro_mQoncg0t4MuWF0byWgefdEhHXV_2n-MRHKA0R5Yy716d_jfvEJCRXOw29uEKdAsxZeh6uNkldA=s48-c-k-c0x00ffffff-no-rj,https://www.youtube.com/watch?v=FHsIus9tAHM
UgxZafsZ4CIUr3ljMGd4AaABAg,Thread,,@せのおなおこ-u7s,2024-03-23T02:26:14Z,0,"うなぎ、天ぷらて…
ジャンクフードやったんか😂
てりやきバーガーとマックフライポテト、セットドリンクて何やろな？",https://yt3.ggpht.com/ytc/AIdro_lRYtqWb8CJRjE-0ltlIcxfFJqygIkXIqwVXcVOe0k=s48-c-k-c0x00ffffff-no-rj,https://www.youtube.com/watch?v=FHsIus9tAHM
UgxmLsOQ-eTQZxsd4Ed4AaABAg,Thread,,@ふじまる-x7g,2024-05-22T15:15:34Z,0,振売とUberEatsって似てるよね,https://yt3.ggpht.com/xYTsD2UeVMLo83gu-1oDskyquy_lqHMXGW_l2LV6Me2LRPn8Lxt1LUWqDJSIZTIGUY5uz48Bnw=s48-c-k-c0x00ffffff-no-rj,https://www.youtube.com/watch?v=FHsIus9tAHM
UgzLO2rXX4y55n7nx294AaABAg,Thread,,@ちゃこる-f8k,2024-02-21T06:11:36Z,1,え？天ぷら屋さん、ろくさん？似てるだけ？,https://yt3.ggpht.com/ytc/AIdro_nJx1Fjx4RDv7nBSvcyX1vNJp5XafNWTVCu38yr5Qc=s48-c-k-c0x00ffffff-no-rj,https://www.youtube.com/watch?v=FHsIus9tAHM
Ugzw_G6Ev7HhFe-lG2Z4AaABAg,Thread,,@株式太郎,2024-02-11T07:40:35Z,1,麦飯が一番美味しいですよ,https://yt3.ggpht.com/ytc/AIdro_llfWMtnkzePCYtxOxcFi4yOdCZBanruRUKwxlkthA=s48-c-k-c0x00ffffff-no-rj,https://www.youtube.com/watch?v=FHsIus9tAHM
UgzYxasabNs4wsnKw1l4AaABAg,Thread,,@ミクネコダイアリー,2024-07-07T11:49:16Z,0,１両何万円なのか教えてくれないカツオ料金とかわからない😂,https://yt3.ggpht.com/oMy10WieZEaYn84i3JiiW4iIIR7AslkRoktz3dZijIAP3BjpGCMCHO1-RUeQbNdEpLXRVkSZ=s48-c-k-c0x00ffffff-no-rj,https://www.youtube.com/watch?v=FHsIus9tAHM
UgwsBfDdwnOlx0s8SOp4AaABAg,Thread,,@熊澤典子-h2v,2024-01-18T07:30:04Z,1,こんばんは,https://yt3.ggpht.com/ytc/AIdro_mVi_A5zoU5KWdbrCHS15ANa6taj9MksZAS4DVJYNc48U7o=s48-c-k-c0x00ffffff-no-rj,https://www.youtube.com/watch?v=FHsIus9tAHM
UgxmzKuzTQJgQK_ifFF4AaABAg,Thread,,@ミクネコダイアリー,2024-07-07T11:42:47Z,0,農村に白米が出回る😂自給自足でもういいきがする😂,https://yt3.ggpht.com/oMy10WieZEaYn84i3JiiW4iIIR7AslkRoktz3dZijIAP3BjpGCMCHO1-RUeQbNdEpLXRVkSZ=s48-c-k-c0x00ffffff-no-rj,https://www.youtube.com/watch?v=FHsIus9tAHM
UgyatK_kxoX3yxoY1TB4AaABAg,Thread,,@MissionVF,2024-06-02T04:36:04Z,3,濃口と薄口塩分は一緒でどちらかと言えば感覚的に薄口の方がしょっぱい辛口です。,https://yt3.ggpht.com/ytc/AIdro_lcUkfobxgRfHRIADAKrZqP5Isyk28WSnjAh9XLQ2s=s48-c-k-c0x00ffffff-no-rj,https://www.youtube.com/watch?v=FHsIus9tAHM
Ugxe_ocbfsmc5Y6XReB4AaABAg,Thread,,@美女と野獣-d5m,2024-08-14T22:10:39Z,1,白米がいかに悪か,https://yt3.ggpht.com/qb2BGUUUaWEIReDNPr26EGIjd5bVKQFETa9TamRgolJY2Bu2wgzr1hNSV69mZBRl2d0-mKYg_A=s48-c-k-c0x00ffffff-no-rj,https://www.youtube.com/watch?v=FHsIus9tAHM
UgycBepWLKJ8uBf7wZZ4AaABAg,Thread,,@ybae6590,2024-02-26T10:25:24Z,0,桜田門外の変の種が食べ物の恨みだったなんて！😂でも納得。学生のときにこういう話を聞いてたら、もっと日本史に興味持てたのに。,https://yt3.ggpht.com/ytc/AIdro_n8qr6dEyZG-miC6HS7Vla_-8cQh7WodbzCfqxEdg=s48-c-k-c0x00ffffff-no-rj,https://www.youtube.com/watch?v=FHsIus9tAHM
UgxdmF8UW-zOm7vzbiN4AaABAg,Thread,,@rumasa3757,2024-02-08T03:45:46Z,4,"江戸のウナギが背開きなのは、腹開きは切腹を連想させるために武士の町であった江戸では忌避されたため……、というのは間違い。
江戸では脂っこい味が不人気だったために江戸のウナギは蒸して脂を抜く必要があったんですね。
しかし蒸すとウナギの身が柔らかくなって崩れやすくなる。そこで背開きにすることで開きの外側の肉を分厚くして崩れることを防いだわけです。
つまりは味の流行と調理上の都合だったわけですね。
そもそも江戸でもウナギ以外の魚は全て腹開きだったわけですし。
なぜ腹開きが一般的だったかと言えば最初に内臓を抜く必要があったことと、お腹側は腹腔の空間のおかげで包丁が入りやすかったからです。",https://yt3.ggpht.com/ytc/AIdro_lqE13-qqW1oi7FA-k2nOVsob4mgylIWvd-zK8UcFA=s48-c-k-c0x00ffffff-no-rj,https://www.youtube.com/watch?v=FHsIus9tAHM
UgxdmF8UW-zOm7vzbiN4AaABAg.A-Y6OiSyqViA-iTC6JzDN4,Reply,UgxdmF8UW-zOm7vzbiN4AaABAg,@PGP-l9v,2024-02-12T13:36:40Z,1,"へぇー😮
ありがとうございます！
…φ(．．)ﾒﾓﾒﾓ",https://yt3.ggpht.com/CWQCO2-c6MkiIGeIHLril4wB5bvmJV70WYBsbGrI273q0yCk6Eyb2APA6WMpoZi1ipJ4lXr-kQ=s48-c-k-c0x00ffffff-no-rj,https://www.youtube.com/watch?v=FHsIus9tAHM
UgxdmF8UW-zOm7vzbiN4AaABAg.A-Y6OiSyqViA34tTY2kqLh,Reply,UgxdmF8UW-zOm7vzbiN4AaABAg,@MinoruYajima,2024-05-06T05:31:42Z,0,至極ごもっとも,https://yt3.ggpht.com/ytc/AIdro_mzwk73fmnfDwFs4aca8l6kkQx6GyTAVAtENSyHlH_Zex_oOyaCVbcQl_w7mzDMX7MLRg=s48-c-k-c0x00ffffff-no-rj,https://www.youtube.com/watch?v=FHsIus9tAHM
UgxWyLMFpm2r28pxIYl4AaABAg,Thread,,@久保田-z2k,2024-02-04T09:55:02Z,1,弐八は間違い,https://yt3.ggpht.com/ytc/AIdro_ng3vdmQ70ckkEDn8ODXy01T1k4iclHBSOBC5Qal-YxKcB6AAI=s48-c-k-c0x00ffffff-no-rj,https://www.youtube.com/watch?v=FHsIus9tAHM
UgyZPXjNCGdc30rhk9h4AaABAg,Thread,,@saigo1877shiroyama,2024-06-02T22:59:21Z,1,濃い口醤油の塩分濃度は16～17％なのに対して、薄口醤油の塩分濃度は18～19％。色が薄いから味も薄いわけではない。江戸は上方に比べて肉体労働者が多いから濃い口主流という本説は妄言です。,https://yt3.ggpht.com/ytc/AIdro_ldBgKubdDuwSDPCMJ6UuCIsngzMEudK-RI8sCZFBTATg=s48-c-k-c0x00ffffff-no-rj,https://www.youtube.com/watch?v=FHsIus9tAHM
Ugych1d-k8j3YqxEic14AaABAg,Thread,,@yuri-ei2wf,2024-01-17T21:42:28Z,33,"古い時代劇の映像とともに楽しませていただきました。

今の時代劇は、江戸時代の設定を使ったファンタジーみたいな印象ですが、昔の時代劇は今よりも江戸時代に近いせいもあると思いますがリアリティーを感じます",https://yt3.ggpht.com/ytc/AIdro_n5Z5vfKKtwYI9VFhleh8ZVhjzGSWPcUpr80J0KoYzSXVg=s48-c-k-c0x00ffffff-no-rj,https://www.youtube.com/watch?v=FHsIus9tAHM
Ugych1d-k8j3YqxEic14AaABAg.9zgO7RStvuXA-h7N7dvBPw,Reply,Ugych1d-k8j3YqxEic14AaABAg,@hajime-nojima,2024-02-12T01:06:42Z,6,"昔のチャンチャンバラバラ(笑)にリアリティなどありません
むしろファンタジー時代劇の源流でしょう",https://yt3.ggpht.com/ytc/AIdro_mJ7sYYeedX8Kl8avEYAwGZbQg1cLGfin2apmeAOBs-2Q=s48-c-k-c0x00ffffff-no-rj,https://www.youtube.com/watch?v=FHsIus9tAHM
Ugych1d-k8j3YqxEic14AaABAg.9zgO7RStvuXA0sAw-Jm4jQ,Reply,Ugych1d-k8j3YqxEic14AaABAg,@nr570,2024-03-12T04:40:51Z,0,​@hajime-nojimaかわいそうだな,https://yt3.ggpht.com/ytc/AIdro_n6EGV6sfyl5vQQBnER2sWMtK9dI8wDz12OrVdklkY=s48-c-k-c0x00ffffff-no-rj,https://www.youtube.com/watch?v=FHsIus9tAHM
Ugybij9gAW6P7Q-NdTl4AaABAg,Thread,,@denkitoudai,2024-01-18T00:46:20Z,4,"なんで座頭市やねんw
たしかに勝新のご飯の食べる演技はものすごく腹が減ってる感じがして上手いが、、、、、何で座頭市やねん",https://yt3.ggpht.com/ytc/AIdro_kelYA_f0ETgAwU3tnz_J36eznGIU_eYJblIEZd-K8=s48-c-k-c0x00ffffff-no-rj,https://www.youtube.com/watch?v=FHsIus9tAHM
UgxQ_jEXN0vtpyqmzwJ4AaABAg,Thread,,@ミクネコダイアリー,2024-07-07T11:49:50Z,0,ばいやんとゆうなまえ😂,https://yt3.ggpht.com/oMy10WieZEaYn84i3JiiW4iIIR7AslkRoktz3dZijIAP3BjpGCMCHO1-RUeQbNdEpLXRVkSZ=s48-c-k-c0x00ffffff-no-rj,https://www.youtube.com/watch?v=FHsIus9tAHM
UgxRXnQ2hKq8SYWj7T14AaABAg,Thread,,@Masaki.G,2024-03-03T13:53:47Z,0,"薄口しょうゆのほうが
　塩分濃度　高いで?",https://yt3.ggpht.com/ytc/AIdro_l0ok-iUPBjkJ0xAO6IS8v_PnpSepA8JAkpf4vJDRE=s48-c-k-c0x00ffffff-no-rj,https://www.youtube.com/watch?v=FHsIus9tAHM
UgzCWeeujd2YrAJ1A9p4AaABAg,Thread,,@杉ちゃん-x8x,2024-08-04T09:47:41Z,0,うんやっぱり米,https://yt3.ggpht.com/ytc/AIdro_ndtGCqv8GkxVkOUgUUrgxMJ79NmTAJGhdSHUUM4AH2_DjjKes=s48-c-k-c0x00ffffff-no-rj,https://www.youtube.com/watch?v=FHsIus9tAHM
UgyUcdi2gwdhmT8Kq_B4AaABAg,Thread,,@toutou0801,2025-03-12T11:37:37Z,1,"「全く生産活動をしない」への力の入れ方が変な政治思想おじさんぽくて気持ち悪い
生産活動の定義自体があいまいだが、例えば行政は既出の情報を繰り返すだけのユーチューバーの
１万倍は生産的だと思うよ",https://yt3.ggpht.com/ytc/AIdro_nqdtUrtxjdlYmY3L_wrkE9s4tASkgs5jHl-Gjyne4kVkQ=s48-c-k-c0x00ffffff-no-rj,https://www.youtube.com/watch?v=FHsIus9tAHM
UgwRfEaQGRpR7poye4p4AaABAg,Thread,,@blacktsar,2024-02-23T15:53:38Z,0,武士は、公務員、軍人、警察官、法曹、、、,https://yt3.ggpht.com/ytc/AIdro_mdM9w3IVnU63EvkM8QB-fpHHpKOz6-iIXmblVjrfdLNEAek8WoEIS2Ci0xfrvFZSjTCg=s48-c-k-c0x00ffffff-no-rj,https://www.youtube.com/watch?v=FHsIus9tAHM
UgwNb2eVghD9A7rGtBJ4AaABAg,Thread,,@hiroyuki-那由多,2024-03-11T11:51:06Z,0,？薄口醤油の方が、塩分濃度高くてしょっぱいですよ！濃口醤油は、色が濃いだけで、塩分濃度低くい,https://yt3.ggpht.com/2J5eDy58d6kLDut_DLqcM5fCIWzAHuol7GYqp3mmvk8VjYRDrNdV9L_Kez_mqyOFwUkI2Dyr_g=s48-c-k-c0x00ffffff-no-rj,https://www.youtube.com/watch?v=FHsIus9tAHM
Ugxiqduxi5bOkIikBlp4AaABAg,Thread,,@沖田和彦-b8s,2024-02-07T16:49:58Z,9,見所の豊富な資料や映像で、楽しく拝見しました。飽きさせない語りも、良かった,https://yt3.ggpht.com/ytc/AIdro_lPPkViTAONeQ6pHiZmmTbg9BknEi8JSdjYl7xKqjrVSjm29T5rQO8JlrJxqiMQopK6QrmU=s48-c-k-c0x00ffffff-no-rj,https://www.youtube.com/watch?v=FHsIus9tAHM
Ugz3g0BpkL7mcp_7KVx4AaABAg,Thread,,@落昌康,2024-02-08T10:48:31Z,0,ん？将軍まで？質素な将軍やね、？？？,https://yt3.ggpht.com/ytc/AIdro_nX4HfiXY6W7mAzsZPP4xrRi4LVwy3DxJ8n5bP9lQBRqqbrj1s=s48-c-k-c0x00ffffff-no-rj,https://www.youtube.com/watch?v=FHsIus9tAHM
UgxL2sG57vz01EscTyJ4AaABAg,Thread,,@sf-kusai,2024-02-06T14:13:44Z,1,江戸前とは穴子のこと,https://yt3.ggpht.com/ytc/AIdro_lKLc1F90KZFoIzXLksvFr_ot_jhDQuWBgbEx03VvCOy3iSeSakR3rodFATvo7yZ7LV3Q=s48-c-k-c0x00ffffff-no-rj,https://www.youtube.com/watch?v=FHsIus9tAHM
UgwXGrD-FzfcrGxM35Z4AaABAg,Thread,,@伴英樹-f1p,2025-01-22T11:24:47Z,0,"あと400年ぐらいしたら
ハンバーガーとかフライドチキンが高級食になるのかな？😂",https://yt3.ggpht.com/ytc/AIdro_lfa97nNLR5HOq0N8M4iBkbBfMrDo1R8C_3xN390dk=s48-c-k-c0x00ffffff-no-rj,https://www.youtube.com/watch?v=FHsIus9tAHM
Ugz01YMcv_G8qOZ25Bd4AaABAg,Thread,,@user-df4se8xt9d,2024-03-28T16:29:23Z,0,もりさだまんこうに突っ込み入れる奴はおらんかったな🍄💨,https://yt3.ggpht.com/ytc/AIdro_lMBt4IKG6Nd_5ohkf1cf6ItNAzJB3J0yO_cCoDpWc=s48-c-k-c0x00ffffff-no-rj,https://www.youtube.com/watch?v=FHsIus9tAHM
UgzPlRA9YvjHRDsBh494AaABAg,Thread,,@宮城和也-q6o,2024-11-26T12:43:32Z,0,竹中直人の徳川斉昭はまさに生き写し。,https://yt3.ggpht.com/ytc/AIdro_lfpLR-lCjyowmgZxAbqFdYYP_sx_P_a_f7zDpLwHI=s48-c-k-c0x00ffffff-no-rj,https://www.youtube.com/watch?v=FHsIus9tAHM
UgwfdsJWgD5W0y77MkB4AaABAg,Thread,,@トニーチャンネル,2024-02-10T13:41:36Z,0,玄米ご飯なら大丈夫です。野菜や肉。,https://yt3.ggpht.com/Twsgh7YTIvw5RPGXMtSFX8Jr_y2If-_XIGX1aMa2TQsQp5mbe6edwP6NSC-qiTe-mv6QsMbLqFE=s48-c-k-c0x00ffffff-no-rj,https://www.youtube.com/watch?v=FHsIus9tAHM
Ugw-6WJuN9704qfBL4R4AaABAg,Thread,,@塩手美加沙,2024-08-02T09:31:19Z,0,江戸じゃわたしはまだ天使様でございます✨,https://yt3.ggpht.com/ytc/AIdro_lqZZRWVeH6XqGcG2ZzeqBwu4JEmbDI7YNnRMhtqBHk1FvxA0I=s48-c-k-c0x00ffffff-no-rj,https://www.youtube.com/watch?v=FHsIus9tAHM
UgxfAqk5_ahJxopnbvJ4AaABAg,Thread,,@いのいの-w9u,2025-01-19T09:06:55Z,0,食べる米の違いで脚気の原因が分からなかったのでしょうかね？,https://yt3.ggpht.com/ytc/AIdro_nIUzHd8rrtlPwdm0GnWXhaivMdYMD4NkLyYdTEw_U=s48-c-k-c0x00ffffff-no-rj,https://www.youtube.com/watch?v=FHsIus9tAHM
UgzEvXs8fzLbTozrwQl4AaABAg,Thread,,@マジ本気-s5u,2024-04-25T10:28:47Z,0,脚気の原因は白米に偏った食生活である事がなんとなく分かってたのにそれでもやめなかった白米に対する執念はちょっと異常ですよね😅,https://yt3.ggpht.com/ytc/AIdro_kyDqiyLkDoeQnejxm_7m3p9pTED7aXynVLebbsTMoc8A=s48-c-k-c0x00ffffff-no-rj,https://www.youtube.com/watch?v=FHsIus9tAHM
UgyaH4a3AW4oDSO4Y3l4AaABAg,Thread,,@Hime26,2024-06-18T11:28:19Z,0,九州の甘い醤油😂,https://yt3.ggpht.com/ytc/AIdro_meYAh6NPkc3qZ9RQbztfozX2jknUqc69hcasQTLZa7CCWY6MHmzRI1I6I59gYFhEiQXA=s48-c-k-c0x00ffffff-no-rj,https://www.youtube.com/watch?v=FHsIus9tAHM
UgzGjAAXcNsMkJH-yud4AaABAg,Thread,,@usagisan1981,2024-05-05T13:50:22Z,0,こいくちのほうが塩分は低いw,https://yt3.ggpht.com/3HUiv5jli3Mj3t2Ed7XttHNO5eChPUxVtN6vf-aaKMbMiQA0IM51M2VTIW-uIPKRhqFYN6Q9xA=s48-c-k-c0x00ffffff-no-rj,https://www.youtube.com/watch?v=FHsIus9tAHM
UgxcUbyxB36whx38HyB4AaABAg,Thread,,@123toru7,2024-04-09T07:02:29Z,0,"江戸は城下町にもかかわらず極度な圧政もなく庶民は、いきいき、のびのびと暮らしていた。
つまり幸せだった。で物のリサイクル率が高く、ほとんどゴミや有害物質など出ない地球環境に良い街だったので、人類の理想の文化システムなのかもしれない。",https://yt3.ggpht.com/ytc/AIdro_nSz50QXDcTeJ70hRvbFtDcPb0FgVK6x5xapUwIbmE=s48-c-k-c0x00ffffff-no-rj,https://www.youtube.com/watch?v=FHsIus9tAHM
UgztQwYK1ZMht-XYxrh4AaABAg,Thread,,@miho4106,2024-02-10T00:14:05Z,0,"カッケってなんだろう？
親に聞いてみよう",https://yt3.ggpht.com/ytc/AIdro_moBdL57q1zibYgkj66xprp01Is6Tg5XE_74laF1Ed8D_M=s48-c-k-c0x00ffffff-no-rj,https://www.youtube.com/watch?v=FHsIus9tAHM
Ugwn207Z11aRfyFezlJ4AaABAg,Thread,,@ゴマ-l2f,2024-02-27T15:14:10Z,0,池波正太郎はお腹が減りますね,https://yt3.ggpht.com/ytc/AIdro_njBYY5b4tVhUr8ss5xsr6fcu22YN5JEcJ_kF2GD_g8YR_BTnSIYX5JB0mRuTOmdBkctzMAB0so=s48-c-k-c0x00ffffff-no-rj,https://www.youtube.com/watch?v=FHsIus9tAHM
Ugyyg_UjgiMKvTEIta14AaABAg,Thread,,@ミクネコダイアリー,2024-07-07T11:53:08Z,0,"６もん４も
１６もんも今の日本円で一体いくらなのか😂",https://yt3.ggpht.com/oMy10WieZEaYn84i3JiiW4iIIR7AslkRoktz3dZijIAP3BjpGCMCHO1-RUeQbNdEpLXRVkSZ=s48-c-k-c0x00ffffff-no-rj,https://www.youtube.com/watch?v=FHsIus9tAHM
UgygdSP_eajo5PgxCsB4AaABAg,Thread,,@津田慎也-b7s,2024-04-08T12:34:55Z,0,千葉の成田の鰻が関東だと一番旨いと思える（笑）,https://yt3.ggpht.com/ytc/AIdro_lmadoImdVmTiIBx1H1xZHsP0eapHJjChcJbBVbH-s=s48-c-k-c0x00ffffff-no-rj,https://www.youtube.com/watch?v=FHsIus9tAHM
Ugz7nv7a4y4a5mowTZJ4AaABAg,Thread,,@susan9383,2024-06-04T12:46:33Z,0,"200年前か
あまり昔に思えないな",https://yt3.ggpht.com/o-_4oigtXFVmLXG3SmhC5Z32Oh04vwsJvAJ7-s-yUbnc4cY0YzshewWoi1rIR1GXxT_ZTz0Upg=s48-c-k-c0x00ffffff-no-rj,https://www.youtube.com/watch?v=FHsIus9tAHM
Ugx6zkAvtxrl0f4TC1B4AaABAg,Thread,,@Gixxer-j4h,2025-01-21T10:12:50Z,1,白飯なんて食ってないだろな,https://yt3.ggpht.com/ytc/AIdro_k677mSp99eQLr7FsOn8SbJzT1Sa1nMUvkJX4qCvn0aPNaZ3xuiM4eKIIzArYaFWYy_8g=s48-c-k-c0x00ffffff-no-rj,https://www.youtube.com/watch?v=FHsIus9tAHM
UgydK-UiDqowjSIvgAV4AaABAg,Thread,,@unevenamorphous6640,2025-01-25T07:33:39Z,0,座頭市の場面はただわらじを脱いだ先の親分がケチだっただけでは。本当にあんなきれいな米をヤクザが食べていたんでしょうか?,https://yt3.ggpht.com/ytc/AIdro_kuiavO4Mqn5sKtIvj2xPze7sxkmEeRHe_bC8U9slU=s48-c-k-c0x00ffffff-no-rj,https://www.youtube.com/watch?v=FHsIus9tAHM
UgxfoviDymP_eVyfZhh4AaABAg,Thread,,@pengtang9458,2024-02-18T15:09:13Z,0,作为一个中国人 很好奇吃那么少的东西能吃饱吗？一碗米饭 2只小鱼 一碗汤 一点油都没有 这么低的热量供应 人会有力气吗？,https://yt3.ggpht.com/ytc/AIdro_lU3hPQJmHaeYavudTu3DCCfoQeSHVWfaktHGH8c9YoRYSWG53Wn9Ulm2GaLMldH6Gydg=s48-c-k-c0x00ffffff-no-rj,https://www.youtube.com/watch?v=FHsIus9tAHM
Ugwz2H_MA6r_KsWzN9p4AaABAg,Thread,,@一之瀬偉史,2024-06-10T06:29:27Z,1,"すげぇ著作権侵害動画
こういうの訴えれば金儲かるのに",https://yt3.ggpht.com/ytc/AIdro_k7A_Me0Lh7SY-_o7zrMrkU8W6f6IYco_PaNdJ5b60=s48-c-k-c0x00ffffff-no-rj,https://www.youtube.com/watch?v=FHsIus9tAHM
UgyCMVQK3Aeqodez3IF4AaABAg,Thread,,@播磨王-k6t,2024-02-28T02:15:23Z,0,米は不味いが魚は美味いでしょ。,https://yt3.ggpht.com/ytc/AIdro_kgyNR-kIGhp-GynYwUk24fN54mI0hUeu8jDiCT8Wc=s48-c-k-c0x00ffffff-no-rj,https://www.youtube.com/watch?v=FHsIus9tAHM
UgxvHH-AYbnkSK_cXIF4AaABAg,Thread,,@太郎-y7f,2024-02-09T12:31:47Z,0,江戸の岸田税😂,https://yt3.ggpht.com/ytc/AIdro_m05fehvUFW-PibAk4HfvWM9f03DBFIC07xh-vSxvpoCAo9X9GNkvK2jlV_sPhXbfzqeTVpG3UX=s48-c-k-c0x00ffffff-no-rj,https://www.youtube.com/watch?v=FHsIus9tAHM
UgxX1XEeF0pRpvbvvFx4AaABAg,Thread,,@Fledelic,2024-11-30T07:26:38Z,0,仏教だから肉禁止ってのは間違った宗教観なんだよな。間違うってのは怖いこと。,https://yt3.ggpht.com/ytc/AIdro_m5h8uSk8_TKYnuTU1gnUeAUli-m7Q9HZtXLF3mN7n3DA=s48-c-k-c0x00ffffff-no-rj,https://www.youtube.com/watch?v=FHsIus9tAHM
UgwS3qM4t0S001cQO2N4AaABAg,Thread,,@yasumusashi7181,2024-07-28T15:35:04Z,0,何と言う果報で自由な社会。寿命が短く男性比率の高い世の中だと伝え聞きます。,https://yt3.ggpht.com/kFey6Y3Z-NjuJpJHvuCWrkqwuKZc1esAzwa6Fcb6YzdJ3PZI_t4yk7EvTFPmOvLOtPoFcM3pow=s48-c-k-c0x00ffffff-no-rj,https://www.youtube.com/watch?v=FHsIus9tAHM
UgyIzL_gsDDOM3T1ufB4AaABAg,Thread,,@kazuyachan4359,2024-03-01T18:02:45Z,0,油の歴史は？,https://yt3.ggpht.com/ytc/AIdro_laHyfaEIS56wWw5qrhIEofFXaio-tYAK74WKnO9oYWuDQ=s48-c-k-c0x00ffffff-no-rj,https://www.youtube.com/watch?v=FHsIus9tAHM
UgxOoL_Z72RXZ10G_yN4AaABAg,Thread,,@user-je1jl1bx5o,2024-09-16T12:21:24Z,0,マグロの大トロも捨ててたって聞いたことあるけど本当？,https://yt3.ggpht.com/ytc/AIdro_nR0EgmTUO4jDpxGt6bOXlQYU4ys46GnUvlZqGrqrC5nw=s48-c-k-c0x00ffffff-no-rj,https://www.youtube.com/watch?v=FHsIus9tAHM
Ugz67KilvmRLdFvXVbt4AaABAg,Thread,,@dropsakuma2036,2024-12-12T14:17:18Z,0,薄口の方が塩分高いんですけど。その辺適当だなー。,https://yt3.ggpht.com/ytc/AIdro_lrQpmp6gEJi8GT6ETAiSQIlUsrnuiBswzgXEJUAeY=s48-c-k-c0x00ffffff-no-rj,https://www.youtube.com/watch?v=FHsIus9tAHM
UgwmJVWED5_CQi4hxVZ4AaABAg,Thread,,@中瀬カイロ人体実験研究,2024-05-06T18:50:20Z,0,目が見えないのにおかずを取られて返せと…。座頭市🙄,https://yt3.ggpht.com/ytc/AIdro_ng3vdmQ70ckkEDn8ODXy01T1k4iclHBSOBC5Qal-YxKcB6AAI=s48-c-k-c0x00ffffff-no-rj,https://www.youtube.com/watch?v=FHsIus9tAHM
UgwOS-3bnldddzehmi14AaABAg,Thread,,@noanao7721,2024-04-26T10:52:12Z,5,こういう動画って著作権どうなってるの？,https://yt3.ggpht.com/ytc/AIdro_lg1ZyW7PlvGVlvGVR_85PrF0BxNgR0-3dqC4MdksDyBiw=s48-c-k-c0x00ffffff-no-rj,https://www.youtube.com/watch?v=FHsIus9tAHM
Ugy428tTX9oRtn0VLYl4AaABAg,Thread,,@カズやん-g9s,2025-02-23T07:57:57Z,0,"江戸時代は漁師以外はの釣りは厳しく禁止ですたからね！それに漁師も 今の様に機械やモーターは皆無！　
鰹は足が速い魚でしたしね！足が速いとはダメになるのが速いと言う事です。",https://yt3.ggpht.com/ytc/AIdro_lV7Tm13bPUwHgrn-wBYvkzsAcr_W3NxQHmtOB9byb5pm8=s48-c-k-c0x00ffffff-no-rj,https://www.youtube.com/watch?v=FHsIus9tAHM
UgwtpdBZngXsZ36NeZh4AaABAg,Thread,,@長島信雄-z5t,2024-01-20T09:18:46Z,0,関西は濃い口ですが,https://yt3.ggpht.com/ytc/AIdro_ndtGCqv8GkxVkOUgUUrgxMJ79NmTAJGhdSHUUM4AH2_DjjKes=s48-c-k-c0x00ffffff-no-rj,https://www.youtube.com/watch?v=FHsIus9tAHM
Ugyed8DWyX7j7pzs8sN4AaABAg,Thread,,@きょうの諭吉,2024-01-18T10:08:42Z,1,4:50　現代で　あんどん　は　タクシー　くらいにしか　使わない　単語。,https://yt3.ggpht.com/ytc/AIdro_n70aMF3z-xqjQW2ipC5-vTc4msqsP-5SrM7vcLNeyDNtAAyyia9GxUej2Z2FrUS4PauuXkYLU8=s48-c-k-c0x00ffffff-no-rj,https://www.youtube.com/watch?v=FHsIus9tAHM
Ugyed8DWyX7j7pzs8sN4AaABAg.9zhiX-1-Zp09zi8wfGyYsb,Reply,Ugyed8DWyX7j7pzs8sN4AaABAg,@とむねこ-x7d,2024-01-18T14:08:16Z,0,昼行灯=中村主水,https://yt3.ggpht.com/ytc/AIdro_nALaMDKzd3C4OjRGFAVhdt9bkPf5NUJHSS7jk72304yYNmsqFB6mvPtdPKfvGCIVMYrzCl=s48-c-k-c0x00ffffff-no-rj,https://www.youtube.com/watch?v=FHsIus9tAHM
UgwEWUZCTzd-V91Jay94AaABAg,Thread,,@sleep3065,2024-04-24T04:42:05Z,2,"時代劇をだいぶ参照してるけど、その時代劇がそもそも怪しいからなあ。今の研究だと農民はけっこう裕福だったって言われてるくらいだし。


池波正太郎や黒澤明の影響が大き過ぎて、その印象値でしか江戸を考察できてないっていうのが主流になってきてるのも事実。",https://yt3.ggpht.com/ytc/AIdro_nqgcxIbrOHkaKXBIxm0RY_utcFcGCjjbDYZ7blCNM=s48-c-k-c0x00ffffff-no-rj,https://www.youtube.com/watch?v=FHsIus9tAHM
UgwEWUZCTzd-V91Jay94AaABAg.A2auFgSUM0gA3naRkROBIw,Reply,UgwEWUZCTzd-V91Jay94AaABAg,@灰色山猫,2024-05-23T23:30:30Z,0,ほんとそれ。江戸ホルホル民多すぎ。化政文化に偏りすぎ。,https://yt3.ggpht.com/Pquzh5PD0zKgV3DFmcqjBv5vxdbTxISHcVMWjut53U6xxUrkoJpMXBFREqmcmPH7B6dWWVF8Yw=s48-c-k-c0x00ffffff-no-rj,https://www.youtube.com/watch?v=FHsIus9tAHM
Ugx-m1br4h0r-ZG8ELl4AaABAg,Thread,,@TakatenjinCastle,2025-02-25T14:08:36Z,0,江戸時代にはもう納豆は納豆呼びだったの？,https://yt3.ggpht.com/1XCM-_MpsItJEOq1MQ53HeFJZl5W9tpIY2K-D0HW_SzTKz64VgFDK5RCKqTWWn3MBfFNsQ0Y=s48-c-k-c0x00ffffff-no-rj,https://www.youtube.com/watch?v=FHsIus9tAHM
Ugx_KJ8_Q2CN1BQp9m94AaABAg,Thread,,@yuuuui0008,2024-04-28T17:48:07Z,0,"薄口醬油のほが塩分が高いんじゃないの？
歴史はわからないから何故かなっと思ってコメントしました。
江戸時代の濃口と薄口の醬油の作り方が違うの？",https://yt3.ggpht.com/ytc/AIdro_lSTLPP6tvWWtN9kKh6X5QkkFshRNgjUp6c-DDIxoA=s48-c-k-c0x00ffffff-no-rj,https://www.youtube.com/watch?v=FHsIus9tAHM
UgwID4w_NnTSBvnfwsd4AaABAg,Thread,,@花-b8t,2024-07-02T12:01:16Z,0,これを見ても日本には世界で唯一奴隷がいなかった社会であったことが分かります。,https://yt3.ggpht.com/ytc/AIdro_mQkto9rgl7U7JsBIEuq55Fn_oIqbxSxlTGTNlJ2aQ=s48-c-k-c0x00ffffff-no-rj,https://www.youtube.com/watch?v=FHsIus9tAHM
Ugzl3cJnQktQlAf313N4AaABAg,Thread,,@capsawa63,2024-01-18T09:34:56Z,7,"6:19 これ結構勘違いされてるけど、同じ量だと濃口より薄口の方が塩分が多いのよね。
薄口は発酵させる過程で濃口より多く塩を加える事で発酵が抑えられるから、濃口ほど色が濃くなく煮物とかおつゆとかを茶色くせず醤油の味をつけられる。
濃口醤油が濃く感じるのは塩分ではなく発酵による旨味成分とか醤油の香りの強さなのよね。",https://yt3.ggpht.com/ytc/AIdro_mfE0eapeH4Irrzt3AeN37rb5XFUOWL1vOWzSrZ8XZXPuA=s48-c-k-c0x00ffffff-no-rj,https://www.youtube.com/watch?v=FHsIus9tAHM
Ugz1r1y3x7OIHB4zDP94AaABAg,Thread,,@wakuhonchan,2024-02-28T09:47:56Z,1,当時の一汁一菜の食事は一見質素に見えますが全部国産と考えると現代なら高級料亭で結構な値段で出すメニューになると思いますｗ食べてみたい！！,https://yt3.ggpht.com/ytc/AIdro_mGR6p8ucX96N69mdLvL9ybA6Ako00rdzs1_qWVoPY=s48-c-k-c0x00ffffff-no-rj,https://www.youtube.com/watch?v=FHsIus9tAHM
Ugz1r1y3x7OIHB4zDP94AaABAg.A0MFjhekUhcA0nZs8y2atw,Reply,Ugz1r1y3x7OIHB4zDP94AaABAg,@shirogane_ALTO,2024-03-10T09:42:35Z,1,"うまいごはんにおかずは要らん（；＾ω＾）ｙ
粗塩だけでいける。",https://yt3.ggpht.com/t_B2b1CTqAIrlOiwhwz2m_TfsnQy9rK4dtB7aY4ZxdsoemZpRI2tcOm98I05MKP7YghdqIld=s48-c-k-c0x00ffffff-no-rj,https://www.youtube.com/watch?v=FHsIus9tAHM
Ugz1r1y3x7OIHB4zDP94AaABAg.A0MFjhekUhcA0nem4WaP6d,Reply,Ugz1r1y3x7OIHB4zDP94AaABAg,@wakuhonchan,2024-03-10T10:34:11Z,0,"@shirogane_ALTO 
いやもうご飯だけでも充分でしょうw理想は茄子か紫蘇の実の漬物を追加したいですがw",https://yt3.ggpht.com/ytc/AIdro_mGR6p8ucX96N69mdLvL9ybA6Ako00rdzs1_qWVoPY=s48-c-k-c0x00ffffff-no-rj,https://www.youtube.com/watch?v=FHsIus9tAHM
UgyJ8CIvZnAZ3IMgsdJ4AaABAg,Thread,,@Hime26,2024-06-18T11:26:57Z,0,時蕎麦😂落語？,https://yt3.ggpht.com/ytc/AIdro_meYAh6NPkc3qZ9RQbztfozX2jknUqc69hcasQTLZa7CCWY6MHmzRI1I6I59gYFhEiQXA=s48-c-k-c0x00ffffff-no-rj,https://www.youtube.com/watch?v=FHsIus9tAHM
UgwBZnyehJliJqycYO94AaABAg,Thread,,@mandamnippon1,2024-01-18T05:34:18Z,9,薄口醤油は塩っぱくて、濃口醤油は旨味がたっぷりで塩気は薄口よりも少ないと思います。,https://yt3.ggpht.com/ytc/AIdro_kMVpC_gTBGzeKWwulnqISXOE2y58VbTM59neIQQa4u1w=s48-c-k-c0x00ffffff-no-rj,https://www.youtube.com/watch?v=FHsIus9tAHM
UgwBZnyehJliJqycYO94AaABAg.9zhE7HVyCe4A-UL8YjgSVU,Reply,UgwBZnyehJliJqycYO94AaABAg,@shinmei.1975,2024-02-06T16:37:41Z,3,"大阪は基本出汁文化ですからね
だから醤油は色付けと香りを加える程度にしか入れませんでした
しかも出汁文化というだけあって水質も軟水ですから昆布出汁はかなり良く出たらしいですし
江戸は硬水で出汁が出にくいだから鰹で出汁を取って濃口醤油で味付けした
鰹だけでは味わいが足りないからですよ",https://yt3.ggpht.com/c1fYCTc-tRIUrptExogO0k2iPPmb10PO3jnQ1z7bgwL_tErsTN7LITFEStGwM7AOpBLTFTFv=s48-c-k-c0x00ffffff-no-rj,https://www.youtube.com/watch?v=FHsIus9tAHM
UgwBZnyehJliJqycYO94AaABAg.9zhE7HVyCe4A1-vYayLNQT,Reply,UgwBZnyehJliJqycYO94AaABAg,@娘ちゃんねる抹茶味z,2024-03-15T14:10:53Z,0,醤油自体の塩分はその通りですが、関東では関西よりはるかに多く使うので関東料理の方がしょっぱいんですよ,https://yt3.ggpht.com/RJRwROoFNlsRUXkmGYPCTIVsuqx7Mw_Son1vaonitPo8illBn2cD3sDwtaGIaQx1ckNC5l-U=s48-c-k-c0x00ffffff-no-rj,https://www.youtube.com/watch?v=FHsIus9tAHM
UgwUzhE1-mUWO2c189R4AaABAg,Thread,,@tokyovoice8835,2024-04-24T14:02:41Z,10,"年金予備軍ですが、ショック受けました。ウナギは勿論、湯豆腐、天ぷら、刺身、大見牛の味噌漬け・・・・食した記憶すらない。
インスタント袋麺を　半袋、又はスーパー弁当半分とかが私の夕食。江戸時代の人と同じ食事が出てきたら嬉しくて号泣すると思います。",https://yt3.ggpht.com/7KgfjlEbgqZscQn2eDFC-Meg9EpOBQGdf9YsmM5vsA3AqRuhGcrhYyqO1zR_Vc5O3Pr-2qCOvg=s48-c-k-c0x00ffffff-no-rj,https://www.youtube.com/watch?v=FHsIus9tAHM
UgwUzhE1-mUWO2c189R4AaABAg.A2buPeOgio2A3rPNpg8Hif,Reply,UgwUzhE1-mUWO2c189R4AaABAg,@9lives90,2024-05-25T11:02:04Z,1,半自給自足自営すれば問題なく食べられますよ、,https://yt3.ggpht.com/XPKoLFr9-fu2YK225b3PQQrj4BdRbFsendELo1wYipRD2Z9w9vTaI6BA8wBXplSPSiZX67UyoA=s48-c-k-c0x00ffffff-no-rj,https://www.youtube.com/watch?v=FHsIus9tAHM
UgwUzhE1-mUWO2c189R4AaABAg.A2buPeOgio2A3r_Alfphev,Reply,UgwUzhE1-mUWO2c189R4AaABAg,@tokyovoice8835,2024-05-25T12:36:24Z,3,"@9lives90 経験されているのですか？　　あと数年で完全リタイアしますが体を壊してしまい庭の草取りもままならぬ状態。
半自給自足って大変そうですよね。味噌汁すら数か月食していない状況の改善の為にも考えないといけませんかね・・・・・",https://yt3.ggpht.com/7KgfjlEbgqZscQn2eDFC-Meg9EpOBQGdf9YsmM5vsA3AqRuhGcrhYyqO1zR_Vc5O3Pr-2qCOvg=s48-c-k-c0x00ffffff-no-rj,https://www.youtube.com/watch?v=FHsIus9tAHM
UgwUzhE1-mUWO2c189R4AaABAg.A2buPeOgio2A3vnX5YLiZn,Reply,UgwUzhE1-mUWO2c189R4AaABAg,@9lives90,2024-05-27T03:58:45Z,3,"@tokyovoice8835 ３５歳から２０年間、半自給自足の田舎暮らしですよ。ウナギは釣るし、魚は漁師、肉は猟師から米や野菜や山菜キノコと物々交換してます。料理屋にも卸しているので加工品と交換したりしてます。この間はハチクを交換して豆腐屋から豆腐、居酒屋から鳥ムネ肉の燻製を頂きました。
食べるのは困らないですよ。
お身体ご自愛頂いて、行政なり何なり誰かに助けて貰えば良いかと。",https://yt3.ggpht.com/XPKoLFr9-fu2YK225b3PQQrj4BdRbFsendELo1wYipRD2Z9w9vTaI6BA8wBXplSPSiZX67UyoA=s48-c-k-c0x00ffffff-no-rj,https://www.youtube.com/watch?v=FHsIus9tAHM
UgwUzhE1-mUWO2c189R4AaABAg.A2buPeOgio2A414gqh9R8E,Reply,UgwUzhE1-mUWO2c189R4AaABAg,@ポコポコ-q4u,2024-05-29T14:32:57Z,1,"​@9lives90
羨ましいな…。
現在の日本全体で、その様に物々交換するシステムで、生活すれば税金も必要ないし、自給自足して自然と共存する形で無駄を省けば、素敵だなと思います。",https://yt3.ggpht.com/ytc/AIdro_nZ9frdKZIbyctmop4MSdgjdnk9j3njnl3HO2GHvNE=s48-c-k-c0x00ffffff-no-rj,https://www.youtube.com/watch?v=FHsIus9tAHM
Ugw_8knS9lh2wDy_5wZ4AaABAg,Thread,,@ヨコ-j5x,2024-05-25T08:32:02Z,0,道場鉄人が、江戸時代と現代の橋渡し的な存在に感じます。あと、100年くらいは長生きしてください。鉄人ですから。,https://yt3.ggpht.com/Be2IiaO753gmOlqSs-zt3bXrj4DKOe4YS9kAKV7Ao4pLE8yRPCqwqBAb96jANTKxG3H--pT-iQE=s48-c-k-c0x00ffffff-no-rj,https://www.youtube.com/watch?v=FHsIus9tAHM
UgwhvAi6G4pWHnBBp_h4AaABAg,Thread,,@たかし西尾,2025-08-24T04:07:33Z,0,江戸時代も農家が米食べれんてこの頃からJAがあったんか？(笑),https://yt3.ggpht.com/ytc/AIdro_kbb2C698qdaUENv3aQOMH28BxjG_ydkNFNxp4Ql28=s48-c-k-c0x00ffffff-no-rj,https://www.youtube.com/watch?v=FHsIus9tAHM
UgwEv6l6YpO8aJbkVYh4AaABAg,Thread,,@輪馬,2024-03-21T09:13:12Z,0,江戸時代は進んだ虫歯をどのように治療しましたか？,https://yt3.ggpht.com/Dyy6JZAiOVhTdmTbI-iO11zwMIOMf64zwPoXFz16LRRS0sQIfYSNVrveFJjtYap37wtYc_LNgw=s48-c-k-c0x00ffffff-no-rj,https://www.youtube.com/watch?v=FHsIus9tAHM
UgzfvPJbx-sQvgw9ieR4AaABAg,Thread,,@小岩信一,2024-01-20T04:39:40Z,0,おれは一日二合だ！,https://yt3.ggpht.com/ytc/AIdro_k2X8fryAPYFTBLxYzPwB2Dl8IubL5iYBFtXMz127s=s48-c-k-c0x00ffffff-no-rj,https://www.youtube.com/watch?v=FHsIus9tAHM
UgxdzPS76T_hcmjjVD54AaABAg,Thread,,@Fujitani,2024-01-27T16:23:11Z,1,鬼平犯科帳って江戸の孤独なグルメみたいな番組でもあったんですね(笑)日本酒が好きですが、当時の日本酒ってアルコール濃度は現代と同じくらいだったんでしょうか。色も濁っていたりしたんですかね？,https://yt3.ggpht.com/VNmodZBWDevi92AA_n0gEA7Ar7ll1kLqXDoouWhrqBk1tbKyL8zljB3oZ5i-yL9pzbKxcE4J4Q=s48-c-k-c0x00ffffff-no-rj,https://www.youtube.com/watch?v=FHsIus9tAHM
UgxdzPS76T_hcmjjVD54AaABAg.A-4ZXdXaiPtA-yZBQ1iGB1,Reply,UgxdzPS76T_hcmjjVD54AaABAg,@権兵衛-b4n,2024-02-18T19:36:51Z,2,"東京農大の小泉武夫先生が江戸時代の文献のとおりに日本酒作る実験やってますが
アルコール度数は現在とかわらないけど甘味と酸味がつよくトロっとしたみりんのようなお酒がでたそうです。

ただ、水で薄めるんので5%くらいだったとか",https://yt3.ggpht.com/ytc/AIdro_m18_OrhRNm8w21sEEKKOvr4xmFA7TIAVd6kNb9M2LtnXT-FQc=s48-c-k-c0x00ffffff-no-rj,https://www.youtube.com/watch?v=FHsIus9tAHM
UgxdzPS76T_hcmjjVD54AaABAg.A-4ZXdXaiPtA07PyMqaDsn,Reply,UgxdzPS76T_hcmjjVD54AaABAg,@Fujitani,2024-02-22T15:28:42Z,0,@権兵衛-b4n様 ご教示ありがとうございます！なるほど、良くも悪くも今の日本酒より雑味が多そうですね。精米技術や醸造設備・技術の進歩もあるでしょうからやはり今の日本酒の方が美味しいのでしょうね。それでも温度計や各種計器も無く勘で作っていた当時の職人はすごいと思います。ネットで調べたら当時の味を再現した酒が売られているようなので買って飲んでみようと思います！,https://yt3.ggpht.com/VNmodZBWDevi92AA_n0gEA7Ar7ll1kLqXDoouWhrqBk1tbKyL8zljB3oZ5i-yL9pzbKxcE4J4Q=s48-c-k-c0x00ffffff-no-rj,https://www.youtube.com/watch?v=FHsIus9tAHM
Ugwthv-vNRViDsb70QB4AaABAg,Thread,,@aileblanche98,2024-06-18T14:01:26Z,0,そら、男の平均身長が150センチ代になるわ。,https://yt3.ggpht.com/ytc/AIdro_kBpgFTIC5qrMEKimZXxrIjh9MYj5T8q5uFwqwvfQ=s48-c-k-c0x00ffffff-no-rj,https://www.youtube.com/watch?v=FHsIus9tAHM
UgyyDkXE1t8MqniAi-p4AaABAg,Thread,,@高杉猿男,2024-05-19T05:32:54Z,2,親父、ツリはいらねぇよ！,https://yt3.ggpht.com/ytc/AIdro_moKnmgPNrB4Yhhocx6kTc7Qhx9foGzV2M3cE0LhowFHQ=s48-c-k-c0x00ffffff-no-rj,https://www.youtube.com/watch?v=FHsIus9tAHM
UgyyDkXE1t8MqniAi-p4AaABAg.A3bMwfmeF9ZADe1xrq5uxS,Reply,UgyyDkXE1t8MqniAi-p4AaABAg,@ojmm,2025-01-23T19:41:13Z,0,ありがとうございます！,https://yt3.ggpht.com/ytc/AIdro_mhogDy3ht8SHeU2nXQ7Lw2bl0-Ksd3UxIS8uOdKDQzgw=s48-c-k-c0x00ffffff-no-rj,https://www.youtube.com/watch?v=FHsIus9tAHM
UgyEHbIpfcGbTJ39gNl4AaABAg,Thread,,@gucci_グチ,2024-04-30T00:41:22Z,1,"知的好奇心でもってこの動画を見ていたのですが嘘ばかりで見る気無くしました
人が一日三食食べるようになった理由とか全然違いますよ",https://yt3.ggpht.com/ytc/AIdro_n6Br6U2g77j8O01tRl7H2rHu2T9CVjF2zYB5DWUX8=s48-c-k-c0x00ffffff-no-rj,https://www.youtube.com/watch?v=FHsIus9tAHM
UgzKbyl4zadDoyetTD54AaABAg,Thread,,@猫サムライ-j8e,2025-01-18T08:57:35Z,0,江戸時代より鎌倉時代や縄文時代の方が良さそう。,https://yt3.ggpht.com/yp11wL_GOPmtQwlF8_ExO3v40wTtN-V2av2JHrMkqfwGYx4nDlKvZBxELJiU665VDlEPt7xB5g=s48-c-k-c0x00ffffff-no-rj,https://www.youtube.com/watch?v=FHsIus9tAHM
Ugw_ubY0Gftyl-H67Tt4AaABAg,Thread,,@マロンサーチャン,2024-01-18T03:30:51Z,3,興味あるお話し有難う御座います。本所横綱（よこずな）町ではなく　横網（よこあみ）町です。,https://yt3.ggpht.com/ytc/AIdro_mejzFdxSuytd4kZyZ9rzYnnYL8HZmN1PYZdkAfmGia9Juf=s48-c-k-c0x00ffffff-no-rj,https://www.youtube.com/watch?v=FHsIus9tAHM
Ugw_ubY0Gftyl-H67Tt4AaABAg.9zh0-0AOaAEA-iRL1dMzBy,Reply,Ugw_ubY0Gftyl-H67Tt4AaABAg,@PGP-l9v,2024-02-12T13:20:25Z,1,"❌ お話し
⭕ お話

「話し  話  違い」で
検索しましょう‼️😅",https://yt3.ggpht.com/CWQCO2-c6MkiIGeIHLril4wB5bvmJV70WYBsbGrI273q0yCk6Eyb2APA6WMpoZi1ipJ4lXr-kQ=s48-c-k-c0x00ffffff-no-rj,https://www.youtube.com/watch?v=FHsIus9tAHM
UgxCgG_ld4rKAOfQkzF4AaABAg,Thread,,@ミキー,2024-08-28T19:35:43Z,0,江戸時代は、毎日の食事はウナギだぞ。文句あるか……,https://yt3.ggpht.com/ytc/AIdro_mJRF-Whvz5JyFoMsaumjNqOQZeKLwP62gPwmoujarkV6opB9WTngC6yEa9Z47QzE539-WL=s48-c-k-c0x00ffffff-no-rj,https://www.youtube.com/watch?v=FHsIus9tAHM
Ugx0XT6k14LbfkTwdQx4AaABAg,Thread,,@mizel2596,2024-02-29T03:51:42Z,0,江戸後期から末期の食事回数に関して諸説あるでしょ。うちの先祖の日記には5食って書いてあるし。「江戸っ子は5食、軽食で回数が多い」って昔習った時「うちの先祖の伝記は正しいんだなぁ」って感想抱いたの覚えてる。,https://yt3.ggpht.com/KeG8kX7UGI5PyM1bhf-h6fUVMh-J0RMj78PUimrDi2K_aE2apTFNrlC68qWF4kR535oQpVQn1A=s48-c-k-c0x00ffffff-no-rj,https://www.youtube.com/watch?v=FHsIus9tAHM
Ugx0XT6k14LbfkTwdQx4AaABAg.A0OBlSScZTPA0ODXX1v5CF,Reply,Ugx0XT6k14LbfkTwdQx4AaABAg,@mizel2596,2024-02-29T04:07:08Z,0,江戸時代から明治にかけて一気に蕎麦の人気が落ちたのは食事回数が5回以上の多い食事回数から3〜2回に落ち着いたからって説も食事回数が元々多かったことを裏付けてると思う。夜鳴きそばなんかはサクッと食べて客の回転をとにかく素早くって感じだったんです。食事回数の減少は江戸末期から明治、大正にかけて「鍋焼きうどん」の大流行を後押し。朝昼を質素に、たまにご馳走で夕飯に鍋焼きうどんって流れが出来たためですね。このため蕎麦屋は7割が潰れたと言われています。どこの文献で読んだか覚えてないんですけどね。ただこの話をそば屋有名店の藪の店主に話したら「昔、先代かなんかからそんな話聞いた」と言質は一応取ってます。うどんが現在東京でもメジャーなのは鍋焼きうどんの大流行があったからなんです。,https://yt3.ggpht.com/KeG8kX7UGI5PyM1bhf-h6fUVMh-J0RMj78PUimrDi2K_aE2apTFNrlC68qWF4kR535oQpVQn1A=s48-c-k-c0x00ffffff-no-rj,https://www.youtube.com/watch?v=FHsIus9tAHM
Ugx0XT6k14LbfkTwdQx4AaABAg.A0OBlSScZTPA0ODoPVZejU,Reply,Ugx0XT6k14LbfkTwdQx4AaABAg,@mizel2596,2024-02-29T04:09:34Z,0,天ぷらが下賤な食い物言われてたのは不思議でした。初代将軍徳川家康の大好物といえば天麩羅なのに。家康の死因は胃がんだと言われてますけど、症状の悪化に拍車をかけたのは天ぷらだなんて言われてるくらいには天麩羅好きで、天下をとってからというもの朝昼晩に一品必ず天麩羅を食べたと言われてます。,https://yt3.ggpht.com/KeG8kX7UGI5PyM1bhf-h6fUVMh-J0RMj78PUimrDi2K_aE2apTFNrlC68qWF4kR535oQpVQn1A=s48-c-k-c0x00ffffff-no-rj,https://www.youtube.com/watch?v=FHsIus9tAHM
UgxVpKuc1axigeSgxn14AaABAg,Thread,,@税金は俺たちがつかうぞ,2024-12-06T10:02:51Z,1,米しろすぎ,https://yt3.ggpht.com/ytc/AIdro_kaE3xM2VTVc7UZLtkJIf8aYx9d3xfX670K10QSJm8=s48-c-k-c0x00ffffff-no-rj,https://www.youtube.com/watch?v=FHsIus9tAHM
Ugx3wec2uu3RmFtweLp4AaABAg,Thread,,@තරගයෙන්,2024-04-28T06:49:49Z,1,漫稿？？😅,https://yt3.ggpht.com/1riBe1ycpV862h8auxuGIwHMiwOSsXkofPj3dVNKHm4Fec2D6EYcpxOzVkvpCFMh6PsJy9bK=s48-c-k-c0x00ffffff-no-rj,https://www.youtube.com/watch?v=FHsIus9tAHM
Ugw5VqmAbw2dLdZlil94AaABAg,Thread,,@yo-jb7tq,2024-02-11T11:25:52Z,0,武士の仕事って今で言う公務員みたいなもんだから全く生産活動を行わないわけではなくね？,https://yt3.ggpht.com/ytc/AIdro_mJl2MdxFcdt4JTVM6_RfbsvVKAOy3XUd0FGM4N5KO2aQ=s48-c-k-c0x00ffffff-no-rj,https://www.youtube.com/watch?v=FHsIus9tAHM
UgzQgcWI2MyFzoPRQPV4AaABAg,Thread,,@forest19740911,2024-01-18T12:55:47Z,3,初めて訪れましたが、よく出来た動画で感心しました。,https://yt3.ggpht.com/ytc/AIdro_m9dicDGTeJVMfvAR2KeZpEnQchgUfqvQ3Lc05AACNKfSc=s48-c-k-c0x00ffffff-no-rj,https://www.youtube.com/watch?v=FHsIus9tAHM
Ugx0LkjSANDm29ICXFx4AaABAg,Thread,,@noborutokoro-q3u,2025-02-01T15:12:13Z,0,庶民の方が武家より贅沢な暮らしをしていたね,https://yt3.ggpht.com/ytc/AIdro_lOX_yHN__2k_id7gbKNURvugOqiWGdPpbSiqQ92oHn_NZYLzPWnMufl1-w0m6UjKGuOQ=s48-c-k-c0x00ffffff-no-rj,https://www.youtube.com/watch?v=FHsIus9tAHM
UgxWcusrAZi9PvaimNR4AaABAg,Thread,,@762forest_railway,2024-11-26T08:30:48Z,0,色んなアカウントで　江戸時代の食事を取り上げてますが　一汁一菜に漬物を含むと言う間違いばかりでしたが　このアカウントでは一汁一菜に漬物は含まれてないと言う事を　正しく取り上げてます。,https://yt3.ggpht.com/VtYcai4j_fN2UxoWPdHaRH-ySEMcYwdx8RuAVX1Bu2gp0h1G2fUdocO3PgpJJ3vHHGj0p6fITw=s48-c-k-c0x00ffffff-no-rj,https://www.youtube.com/watch?v=FHsIus9tAHM
Ugxodn1IoyDyKAEc_ZV4AaABAg,Thread,,@yuzibrz,2024-01-17T23:17:59Z,129,釣りを趣味としてる自分としては、鯛やマグロって今の釣具でも釣るのムズいのに、昔の人ってどうやって流通させれる量を確保してたんだろうと不思議に思う。,https://yt3.ggpht.com/ytc/AIdro_mTUlaWM3hidJK91aqyLrT_znzQwI-3fsY8uuTpMJw=s48-c-k-c0x00ffffff-no-rj,https://www.youtube.com/watch?v=FHsIus9tAHM
Ugxodn1IoyDyKAEc_ZV4AaABAg.9zgZ2xxHrk39zhPohSY_IJ,Reply,Ugxodn1IoyDyKAEc_ZV4AaABAg,@前田悟-q4t,2024-01-18T07:16:30Z,30,縄文以来の網を用いた定置網や延縄漁では？,https://yt3.ggpht.com/ytc/AIdro_nxVsg2YYziQ9V-yCVAEH_nxaFMNy2IQL09WwXX0TsTNrq88oE=s48-c-k-c0x00ffffff-no-rj,https://www.youtube.com/watch?v=FHsIus9tAHM
Ugxodn1IoyDyKAEc_ZV4AaABAg.9zgZ2xxHrk3A0CesjyhYF0,Reply,Ugxodn1IoyDyKAEc_ZV4AaABAg,@akasute289,2024-02-24T16:23:57Z,21,食べられてたけど、地産地消。ほとんど流通はしてない。,https://yt3.ggpht.com/ytc/AIdro_mQWHcOuoNpUbMan6UtKSrwREK9jzyaPizvF_aXg_Q=s48-c-k-c0x00ffffff-no-rj,https://www.youtube.com/watch?v=FHsIus9tAHM
Ugxodn1IoyDyKAEc_ZV4AaABAg.9zgZ2xxHrk3A0DogKxePQ7,Reply,Ugxodn1IoyDyKAEc_ZV4AaABAg,@鼻毛-b8q,2024-02-25T03:08:52Z,23,なんならクジラも捕まえてた,https://yt3.ggpht.com/ytc/AIdro_lv0yCl3BOQNmr2BsDZSmgrglJc_VkWptpxl-8J2LE1rg=s48-c-k-c0x00ffffff-no-rj,https://www.youtube.com/watch?v=FHsIus9tAHM
Ugxodn1IoyDyKAEc_ZV4AaABAg.9zgZ2xxHrk3A0Dor7ndO2i,Reply,Ugxodn1IoyDyKAEc_ZV4AaABAg,@鼻毛-b8q,2024-02-25T03:10:21Z,25,釣りとは関係ないけど、数万年前の鎧も銃もない原始人はホラアナライオンとか狩ってたし、人って案外すごいのかも,https://yt3.ggpht.com/ytc/AIdro_lv0yCl3BOQNmr2BsDZSmgrglJc_VkWptpxl-8J2LE1rg=s48-c-k-c0x00ffffff-no-rj,https://www.youtube.com/watch?v=FHsIus9tAHM
Ugxodn1IoyDyKAEc_ZV4AaABAg.9zgZ2xxHrk3A0FTRyWXZlE,Reply,Ugxodn1IoyDyKAEc_ZV4AaABAg,@名主,2024-02-25T18:33:01Z,13,今より魚がすれてなかったろうから釣れたんじゃないのかな,https://yt3.ggpht.com/ytc/AIdro_mHQ7Vi0UQ4ffXk28irG3nKmd_MPdjgx_p2jZxmG8Vdug=s48-c-k-c0x00ffffff-no-rj,https://www.youtube.com/watch?v=FHsIus9tAHM
UgwLJiolSeSLxzZKlnh4AaABAg,Thread,,@加登脇修一,2024-12-03T15:08:02Z,0,グーグーグーグーググー,https://yt3.ggpht.com/qNtgdkDaskEsCZA9g84H2hvUnUVO748A_TviNz0hJz6_mpr4uWwS6wZSu1NJZNqGy9kg1ekGKA=s48-c-k-c0x00ffffff-no-rj,https://www.youtube.com/watch?v=FHsIus9tAHM
UgyZC2AdX0vvilK2IXZ4AaABAg,Thread,,@山田耕作-l8l,2024-01-18T01:30:46Z,2,やっぱ食べ物も人間も？高級では駄目なんだ、暮らしも食べ物も、質素が一番なんですね🤗🙏でもうなぎも寿司も天ぷらも高級です😝👎,https://yt3.ggpht.com/ytc/AIdro_kJPqWvKueKR6ve-T6-VP0Iwzbv9i7XSlkmXRqJMTHFLW0PvSU=s48-c-k-c0x00ffffff-no-rj,https://www.youtube.com/watch?v=FHsIus9tAHM
UgzZYHwF0mpW7tT5GRh4AaABAg,Thread,,@romanemad,2024-02-11T10:55:59Z,5,"世界の歴史でも庶民の暮らしを調べるのは楽しいが
とりわけ食文化は特に楽しいですな",https://yt3.ggpht.com/ytc/AIdro_mjacu9FmsIsBf28tTWTDkcXS3mSJ5bgHjTDCv5Cd7NR4w=s48-c-k-c0x00ffffff-no-rj,https://www.youtube.com/watch?v=FHsIus9tAHM
Ugz2eGtDY3b1bQ_3jeF4AaABAg,Thread,,@takk1594,2024-02-09T16:47:31Z,0,玄米食べてなかったの？,https://yt3.ggpht.com/ytc/AIdro_laowbR60Lv85DaL-1gkW1CI1Ge8ed3cejEr3plrfWmaFd8UJx0FOv7bqO0B0l7qqkXLg=s48-c-k-c0x00ffffff-no-rj,https://www.youtube.com/watch?v=FHsIus9tAHM
Ugy4ZFMVRWx8uk1tWdh4AaABAg,Thread,,@田中生一,2024-08-12T21:14:38Z,2,ふと思いますが 昔から見ると 今の食生活というのは 格段に良くなっていますね これはいいと思いますが 人の心が 格段に悪くなっているような気がします😅 と思うのは 私だけでしょうか？😅,https://yt3.ggpht.com/ytc/AIdro_m0R_qUEfHPw2-0etAVal3yvqVOmmh7hfNWDgkyqZ8=s48-c-k-c0x00ffffff-no-rj,https://www.youtube.com/watch?v=FHsIus9tAHM
Ugy4ZFMVRWx8uk1tWdh4AaABAg.A72vH_LEDcaA7J4DxIszFr,Reply,Ugy4ZFMVRWx8uk1tWdh4AaABAg,@灰色山猫,2024-08-19T03:49:22Z,1,昔は良かった症候群、歳をとった証拠ですね,https://yt3.ggpht.com/Pquzh5PD0zKgV3DFmcqjBv5vxdbTxISHcVMWjut53U6xxUrkoJpMXBFREqmcmPH7B6dWWVF8Yw=s48-c-k-c0x00ffffff-no-rj,https://www.youtube.com/watch?v=FHsIus9tAHM
Ugy4ZFMVRWx8uk1tWdh4AaABAg.A72vH_LEDcaA7ZiyYyZKcp,Reply,Ugy4ZFMVRWx8uk1tWdh4AaABAg,@yu-san7,2024-08-25T15:01:59Z,0,"私も思います！！やはり各国には、その土地で採れる物を食すというのが道理なのでは？50年前に米国の食文化が入ってきてから肥満児や生理不順や癌、難病などが増えています。調べたら特に穀物や小麦、砂糖は日本人の腸には消化する酵素が少ないので消化不良による下痢や体調不良になるそうです。なので皮膚粘膜などにも炎症が徐々におきてゆきます。

あと外国産などには大量の添加物や抗生物質などを飼料にしている卵や魚や肉などに含まれています。日本の添加物などの規制の規定値は世界１位２位を争うぐらい緩いらしいです。逆にいま日本食が流行っていますが特に海産物を外国人が食すと消化されずに体調不良になり下痢をします。日本人の腸には唯一消化できる酵素があるそうですよ。

なので私はホルモンのバランスと体の炎症などがキレる性格などに関係していると最近危惧しています。家の子供は小麦のパン食を辞めてから気管支喘息と大量の吹き出物が治りました！！
まぁテレビなどで米国産の不都合な真実は隠されていますけどね。。。長文失礼いたしました。",https://yt3.ggpht.com/ytc/AIdro_mNi3v7EJv-F7I_AZIFzllBzUOXR2RKU8h6o6bJ12cYiQ=s48-c-k-c0x00ffffff-no-rj,https://www.youtube.com/watch?v=FHsIus9tAHM
UgwTq9Yb7gBe_Q_cGI94AaABAg,Thread,,@五郎-u6g,2024-05-24T08:00:14Z,0,いや、失礼ながらその字面なら、つなで、あってます。,https://yt3.ggpht.com/xH6ckvBUWk1qluumNEyGd_dhRrYGcyE_ovpKWV05Fi_nAtmp_9IbRrEa6L858v004N2_mQ3n=s48-c-k-c0x00ffffff-no-rj,https://www.youtube.com/watch?v=FHsIus9tAHM
Ugygv91-3HdxAjXhlRt4AaABAg,Thread,,@GOLD-hm2dg,2024-01-19T16:46:51Z,0,堀川などで　ざっこフナドジョウ　田んぼでいなごタニシなどとってたべていた　木の実ほか　現代人よりも　ミネラル豊富　決して　現代人の食生活　医者薬に頼ってない,https://yt3.ggpht.com/ytc/AIdro_mW0HX8nY-Aegy1UXDgfTB3j4snP03S3Xy5MBGZkW1hUbbYoGKtw-0B2eroA56mHZ8mFQ=s48-c-k-c0x00ffffff-no-rj,https://www.youtube.com/watch?v=FHsIus9tAHM
UgxBDm6AOymCpKMEGsV4AaABAg,Thread,,@sun-pw8zf,2024-09-29T12:40:43Z,0,"しがない元料理人ですが、学校、専門学校でも知り得なかった料理文化の歴史を知る事で、この歳でもっと学びたいと思える動画でした！

先人達の知恵、工夫、熱意は現代を生きる人間を遥かに超えていたと痛感しつつ、近代まで残っていた歴史ある食堂が廃業になって行く事に心を痛めました…。",https://yt3.ggpht.com/ytc/AIdro_kBhB-Dsv6cdMfFfAgH8fPhxCrC_datuvayPZeqJvhxBK4=s48-c-k-c0x00ffffff-no-rj,https://www.youtube.com/watch?v=FHsIus9tAHM
UgxH42jRVXPHmcpuvSF4AaABAg,Thread,,@Bdot-b3z,2024-05-20T09:49:34Z,1,"勝新太郎さんを単に道化役にするような映像の使い方はフツーに酷えなと思った。　
どうせ二次使用料も支払わず、勝手に映像使用してるんでしょ？
ファンでも関係者でもないが、故人へ心配りをしない奴が日本を語るなと言いたい。",https://yt3.ggpht.com/zTBRPwjNN6sA0I6Rb6EzhKSgvA2PDLwDMiMcojRSA9yAOryFlOTLoHziPoIDDIqAt9eUHBuL=s48-c-k-c0x00ffffff-no-rj,https://www.youtube.com/watch?v=FHsIus9tAHM
UgxkwcELM7K70Cmej4F4AaABAg,Thread,,@黒いうさぎ-q8f,2024-03-10T07:11:25Z,0,まあ、江戸時代中期から、玄米から白米になったので江戸の町民は栄養不足になったのでしょう。,https://yt3.ggpht.com/ytc/AIdro_m36psUkCriJM170_wIeUAyQQL-icZZo9RC4g_9gTA=s48-c-k-c0x00ffffff-no-rj,https://www.youtube.com/watch?v=FHsIus9tAHM
UgyGS9V76GQOw-v7r314AaABAg,Thread,,@yoshi_9885,2024-11-30T12:40:18Z,0,"日本の文化は世界一です
欧州の連中はあんな低俗な暮らしをしていたのになんで日本を見下せるのか不思議
逆にコンプレックスがあるのだろうが",https://yt3.ggpht.com/ytc/AIdro_nYD5fosnjOYhz7eIGCP37_xNKkDCimUOtkiCLtwrzxtg8=s48-c-k-c0x00ffffff-no-rj,https://www.youtube.com/watch?v=FHsIus9tAHM
UgxmmrSn0l9pFfKyIc94AaABAg,Thread,,@skekhtehuacso,2024-05-01T11:16:01Z,1,灘目や伊丹からだけでなく、尾州知多半島の中国酒も江戸への入荷量は多かったと思います。,https://yt3.ggpht.com/8LF7mB12Ey76pnqNTC6R1b9Ot5lAwpwdIY5pjNIxptLI5jtx5gd2lRaVAVY3jBznEuAge6941w=s48-c-k-c0x00ffffff-no-rj,https://www.youtube.com/watch?v=FHsIus9tAHM
UgzUfMZDImeCBrij3-t4AaABAg,Thread,,@織田はな,2024-01-22T11:08:45Z,6,"カッケになるんだよね。
魚１匹なら大ご馳走。梅干し一つを見て、ご飯を食べる",https://yt3.ggpht.com/ytc/AIdro_nzvv3bSE1COkGaokwZnrtS8J2tae_bPFX2inNIL4b6o0s=s48-c-k-c0x00ffffff-no-rj,https://www.youtube.com/watch?v=FHsIus9tAHM
UgzUfMZDImeCBrij3-t4AaABAg.9zs7_GgMi_RA-4jn43nFAG,Reply,UgzUfMZDImeCBrij3-t4AaABAg,@Fujitani,2024-01-27T18:01:33Z,3,粟や稗などの雑穀を食べていた農民の方が結果的に健康的な食事をしていたんですよね。脚気は日露戦争まで続く患いになってしまったのが悲惨なことです。,https://yt3.ggpht.com/VNmodZBWDevi92AA_n0gEA7Ar7ll1kLqXDoouWhrqBk1tbKyL8zljB3oZ5i-yL9pzbKxcE4J4Q=s48-c-k-c0x00ffffff-no-rj,https://www.youtube.com/watch?v=FHsIus9tAHM
UgzUfMZDImeCBrij3-t4AaABAg.9zs7_GgMi_RA0nYz6eAvye,Reply,UgzUfMZDImeCBrij3-t4AaABAg,@shirogane_ALTO,2024-03-10T09:34:47Z,2,"うちは雑穀のほうが好きだな。ごはんに混ぜて炊く１６穀米とか。粟とかキビの団子とか。
花粉の症状も楽になるし。",https://yt3.ggpht.com/t_B2b1CTqAIrlOiwhwz2m_TfsnQy9rK4dtB7aY4ZxdsoemZpRI2tcOm98I05MKP7YghdqIld=s48-c-k-c0x00ffffff-no-rj,https://www.youtube.com/watch?v=FHsIus9tAHM
UgyFlP38A6Xc9DM3Ns54AaABAg,Thread,,@ダイオウイカ-n1p,2025-01-31T10:01:23Z,0,よこづな？,https://yt3.ggpht.com/2YPhTP65_DEMduhhF0FNaU2DauwIQbthDQ1r1xTgmurcYeaiFiNhUONImJbOEcI3GD5RbCUA4w=s48-c-k-c0x00ffffff-no-rj,https://www.youtube.com/watch?v=FHsIus9tAHM
Ugxfexo-z2hbU9s-kBx4AaABAg,Thread,,@とらの十,2024-03-01T22:56:23Z,0,"道場六三郎w

毎日がケインズ政策、国土強靭化、列島改造論",https://yt3.ggpht.com/ytc/AIdro_kkXkB7zYccxVGurv06j13zFcPTJnmgnmJw7jQsue9Ldk8=s48-c-k-c0x00ffffff-no-rj,https://www.youtube.com/watch?v=FHsIus9tAHM
UgzSYQ-gfwa7DDt-y1l4AaABAg,Thread,,@user-mx5srserostreetbob,2024-03-12T08:33:23Z,2,"とても興味深くハイチョウしました
何だかお腹空いてきました😄",https://yt3.ggpht.com/9DpTsXm2Xg4cQiAkYMlUoWdSyb_o3u6pkM5Y7FaOfqANUnOWjeyuhLDTWs3p0gr_BmUq1KHmfrA=s48-c-k-c0x00ffffff-no-rj,https://www.youtube.com/watch?v=FHsIus9tAHM
UgyV1FSkWrb1Z0qbNbp4AaABAg,Thread,,@kathuyaaa-1115,2026-01-03T02:30:53Z,0,"ほとんどは食べれないが正解
江戸や堺や都市部以下は厳しい生活

粥にしてかさ増しして食べていた
実際の話で1960年代までは白米とかはハレの日以下は食べなかった

しかしながら案外こう言う近々まであった話はなぜがネット民には受け入れず江戸時代は豊かだ！ってアホ理論ばかり曲がり通るアホ馬鹿な時代になりましたね

ちなみに江戸時代までは数の数えは三進法だったりします",https://yt3.ggpht.com/ytc/AIdro_kvs2yEx860xReOedYq7ud0ElsKOp6vpBmrSOetEUD3PmU=s48-c-k-c0x00ffffff-no-rj,https://www.youtube.com/watch?v=FHsIus9tAHM
UgyPmxzoUXKNOHto43B4AaABAg,Thread,,@dreamoom6211,2024-09-22T08:37:41Z,0,肖像画・・・吉宗ですよね・・・。,https://yt3.ggpht.com/ytc/AIdro_lGIhQdAzAi7jT8WhxfADRdtd3ltTlT8R-2_TpBveU=s48-c-k-c0x00ffffff-no-rj,https://www.youtube.com/watch?v=FHsIus9tAHM
UgyPmxzoUXKNOHto43B4AaABAg.A8g8FLXMWTGA8g8PmDFtDc,Reply,UgyPmxzoUXKNOHto43B4AaABAg,@dreamoom6211,2024-09-22T08:39:06Z,0,すでにコメントされていたらすみません。,https://yt3.ggpht.com/ytc/AIdro_lGIhQdAzAi7jT8WhxfADRdtd3ltTlT8R-2_TpBveU=s48-c-k-c0x00ffffff-no-rj,https://www.youtube.com/watch?v=FHsIus9tAHM
Ugz3WDvWGblOw_mKE6J4AaABAg,Thread,,@spacecomsow,2024-01-18T07:14:59Z,2,"なかなか面白い動画だった。
高評価しといたし
チャンネル登録もしたお。

江戸の庶民は独身者がけっこー多めだったと聞くけど
どーゆーシングルライフを送ってたのか
その辺も動画にしてちょう！
(・З・)ノ",https://yt3.ggpht.com/ytc/AIdro_nKsnu-03O0r9lDhCcxZESKqrG7A90vJuADM8frocSHpj4=s48-c-k-c0x00ffffff-no-rj,https://www.youtube.com/watch?v=FHsIus9tAHM
Ugz3WDvWGblOw_mKE6J4AaABAg.9zhPdhM_6m2A1iGcweLfOi,Reply,Ugz3WDvWGblOw_mKE6J4AaABAg,@spacecomsow,2024-04-02T04:49:40Z,0,"２ヶ月後にコメントを「お気に入り」するとか
動画主は
動画作りっぱなしだってのが
よーくﾜｶﾀ。

m9 (・З・)",https://yt3.ggpht.com/ytc/AIdro_nKsnu-03O0r9lDhCcxZESKqrG7A90vJuADM8frocSHpj4=s48-c-k-c0x00ffffff-no-rj,https://www.youtube.com/watch?v=FHsIus9tAHM
Ugyhcba7GwsxEdgkt_t4AaABAg,Thread,,@内藤信介-y8d,2024-06-06T17:03:48Z,0,この時代、生の魚を食べアニサキスが体内に入った場合、どうしたのでしょうか？,https://yt3.ggpht.com/ytc/AIdro_l1Ei_UOn3gRmgfSr7yz9KSSKyCjd8q_rgy03IhZBNtW-WLHx4=s48-c-k-c0x00ffffff-no-rj,https://www.youtube.com/watch?v=FHsIus9tAHM
Ugyhcba7GwsxEdgkt_t4AaABAg.A4LxJllZsW-A4XFW7Z5m0b,Reply,Ugyhcba7GwsxEdgkt_t4AaABAg,@9lives90,2024-06-11T02:23:10Z,0,しばらくすると死滅するので放置、そもそも捕鯨、イルカ漁が盛んなのでアニキサスが少ないし、刺身で食べれる鮮度の魚も少ない。,https://yt3.ggpht.com/XPKoLFr9-fu2YK225b3PQQrj4BdRbFsendELo1wYipRD2Z9w9vTaI6BA8wBXplSPSiZX67UyoA=s48-c-k-c0x00ffffff-no-rj,https://www.youtube.com/watch?v=FHsIus9tAHM
UgwViNJ2ufOJ4gXGkAt4AaABAg,Thread,,@井上幸子-y8t,2024-03-13T02:45:49Z,6,池波庄太郎さんのフアンは池波さんが通った小料理屋のカウンター席の椅子にすわつて先生がここで召し上がってましたよと聞いて感激してました。好きな方はそんな気持ちになるんですね😮,https://yt3.ggpht.com/ytc/AIdro_nxVsg2YYziQ9V-yCVAEH_nxaFMNy2IQL09WwXX0TsTNrq88oE=s48-c-k-c0x00ffffff-no-rj,https://www.youtube.com/watch?v=FHsIus9tAHM
Ugw2N2ygoKrY7en5ezZ4AaABAg,Thread,,@jimmierasmussen9298,2024-01-18T09:47:36Z,4,Needs to improve speeches little slower and clearly so that viewer could enjoy.,https://yt3.ggpht.com/ytc/AIdro_kHKYgCQfyEqb4uMHuafZp1q788bdePfL5AV9pB7Rc=s48-c-k-c0x00ffffff-no-rj,https://www.youtube.com/watch?v=FHsIus9tAHM
Ugw2N2ygoKrY7en5ezZ4AaABAg.9zhg6XW3g8QA2njVL37nwN,Reply,Ugw2N2ygoKrY7en5ezZ4AaABAg,@kakashihatake187,2024-04-29T04:18:14Z,1,"あなたの国で外国人になんて合わせてくれるかい？
外国人に合わせる必要なんてない。
理解したきゃ、自分が努力しな。",https://yt3.ggpht.com/ytc/AIdro_l-LfrRtQ5iQ0nIow-_Xg43_WQvN4klTsLzdB5xD-4=s48-c-k-c0x00ffffff-no-rj,https://www.youtube.com/watch?v=FHsIus9tAHM
UgyanQf77t0zrmnIC6t4AaABAg,Thread,,@こーけいい,2024-01-18T00:40:24Z,3,"池波先生の作品をどうこう言うつもりはありませんが、時代考証の引き合いに出すのには少し信憑性に欠けますね。
いまならさらに時代考証した作家先生の作品もあるかな、なんて思いました。",https://yt3.ggpht.com/ytc/AIdro_kP0xnFol9xNPHDY9YQlemyvagNpBszfcT0JZv9ErY=s48-c-k-c0x00ffffff-no-rj,https://www.youtube.com/watch?v=FHsIus9tAHM
UgyanQf77t0zrmnIC6t4AaABAg.9zghUboB7deA2e24ha9Amo,Reply,UgyanQf77t0zrmnIC6t4AaABAg,@こーけいい,2024-04-25T09:56:57Z,0,"（私が騙されているのでなければ）時代考証は佐藤雅美先生がすごいように思います。
作品中の蘊蓄が長いのが玉に瑕ですが。",https://yt3.ggpht.com/ytc/AIdro_kP0xnFol9xNPHDY9YQlemyvagNpBszfcT0JZv9ErY=s48-c-k-c0x00ffffff-no-rj,https://www.youtube.com/watch?v=FHsIus9tAHM
UgwDJrn4szoi47pplip4AaABAg,Thread,,@kr750h2,2025-04-25T18:53:13Z,0,令和の米騒動、米5キロ¥6000台凸にゅう,https://yt3.ggpht.com/vDM4DF9Ob9rmn4MCnjaIMOYIjxPDDWqiS8_ozmmMcwY1aTdXtaFajeW0IellXZ4VkXPyEKeo9Q=s48-c-k-c0x00ffffff-no-rj,https://www.youtube.com/watch?v=FHsIus9tAHM
UgwzfnW1x-LgwDPbDNl4AaABAg,Thread,,@us-lp9dw7272,2024-02-04T13:43:10Z,2,中国は日本より文化知識とも遅れていたのは明白,https://yt3.ggpht.com/ytc/AIdro_lBowNs4U6HwS8Y8kltXK-q158A-MY1f-GPkks_C6BVXQ=s48-c-k-c0x00ffffff-no-rj,https://www.youtube.com/watch?v=FHsIus9tAHM
UgyL6GfMSf1T0aknjTt4AaABAg,Thread,,@DandelioN24,2024-03-16T11:00:27Z,0,6:50 一番右の「花輪」も現在の野田の地名ですね,https://yt3.ggpht.com/ytc/AIdro_nvvdRGiGBIr_YEiJEzR3mZM6uxFz3GsL7QHn9O93A=s48-c-k-c0x00ffffff-no-rj,https://www.youtube.com/watch?v=FHsIus9tAHM
UgwfOmLzlEGWcvGlyMF4AaABAg,Thread,,@us-lp9dw7272,2024-02-09T11:59:21Z,0,"しらないの？
親も伝えなかった",https://yt3.ggpht.com/ytc/AIdro_lBowNs4U6HwS8Y8kltXK-q158A-MY1f-GPkks_C6BVXQ=s48-c-k-c0x00ffffff-no-rj,https://www.youtube.com/watch?v=FHsIus9tAHM
UgxpLjRpw7NdA57WnJ54AaABAg,Thread,,@toshiyamashita7723,2024-01-20T09:34:22Z,2,すごい内容知識盛りだくさん。😮,https://yt3.ggpht.com/ytc/AIdro_lCfWoZYqJEAFi3JFV_zscAlt_8AfowkWg3T_h07pCTwdA=s48-c-k-c0x00ffffff-no-rj,https://www.youtube.com/watch?v=FHsIus9tAHM
Ugylcg3CHqakpvP2Sb54AaABAg,Thread,,@ト龍,2024-01-21T00:48:28Z,1,"10代家治の肖像が吉宗になってます。
ただとても興味深い内容でした",https://yt3.ggpht.com/Gxu8GxMSviyGSpcpfEEwKbH66ZkTBfIngyc6FuEwyp_fjMKXxsLI5AuJa3UtJw-vuHGTKra3QNw=s48-c-k-c0x00ffffff-no-rj,https://www.youtube.com/watch?v=FHsIus9tAHM
Ugylcg3CHqakpvP2Sb54AaABAg.9zoRnN1JpXeA-iRgwZGju5,Reply,Ugylcg3CHqakpvP2Sb54AaABAg,@PGP-l9v,2024-02-12T13:23:33Z,1,"そういう場合は時間指定をすると
いいと思いますよ",https://yt3.ggpht.com/CWQCO2-c6MkiIGeIHLril4wB5bvmJV70WYBsbGrI273q0yCk6Eyb2APA6WMpoZi1ipJ4lXr-kQ=s48-c-k-c0x00ffffff-no-rj,https://www.youtube.com/watch?v=FHsIus9tAHM
Ugzoz1Dc5ptQ7UXx01J4AaABAg,Thread,,@後藤敦-e1d,2024-03-06T13:45:21Z,0,"醤油の番付、大関の　高梨家（花輪）も（花輪＝野田市花輪）で野田の醤油だと思います。
高梨兵左衛門、櫛形屋茂木七左衛門、柏屋茂木七郎右衛門、亀屋飯田市郎兵衛、杉崎市郎兵衛、竹本五郎兵衛、大塚弥五兵衛がキッコーマン（野田醤油）と記憶しています。",https://yt3.ggpht.com/ytc/AIdro_kNi96czVIIug2vGl2pI5CNy7Nhg_OYyyVR1HA2orMvUno=s48-c-k-c0x00ffffff-no-rj,https://www.youtube.com/watch?v=FHsIus9tAHM
UgwMAVuAk2-W2cdk8Gd4AaABAg,Thread,,@eizo681,2024-01-18T15:45:33Z,5,勝さんがもう何か…腹減ってきた〜,https://yt3.ggpht.com/ytc/AIdro_lOt47ykqMjd936w4tyIgUFaIGIv55omkymHfYq-eI2wwU=s48-c-k-c0x00ffffff-no-rj,https://www.youtube.com/watch?v=FHsIus9tAHM
Ugx1SNM0N-we1-49bHB4AaABAg,Thread,,@かなへび,2024-01-17T17:35:20Z,151,塩分濃度は、薄口のほうが高いのですけれど。,https://yt3.ggpht.com/ytc/AIdro_kj1feFclBN3SKv8N8HpK0oHtkNaMl4PN74pm4yMM2ZtA=s48-c-k-c0x00ffffff-no-rj,https://www.youtube.com/watch?v=FHsIus9tAHM
Ugx1SNM0N-we1-49bHB4AaABAg.9zfwqNgHtKB9zjDFj7tAiZ,Reply,Ugx1SNM0N-we1-49bHB4AaABAg,@qwerty123czy,2024-01-19T00:05:12Z,26,塩分濃度はそうだけど、入れる量も全然違うから、明らかに黒い出汁の方が塩辛い、あんな真っ黒になるまでに醤油を大量に入れると、いくら薄口醤油の塩分が濃いと言ってもね,https://yt3.ggpht.com/UDYE8vvnGU7EP109cqoKHQWanfi1IQf4ZjQx2C0JwId7I1YXyNomuYkRHVpMhH5doqgHbp1C-w=s48-c-k-c0x00ffffff-no-rj,https://www.youtube.com/watch?v=FHsIus9tAHM
Ugx1SNM0N-we1-49bHB4AaABAg.9zfwqNgHtKB9zlYpF1Utrj,Reply,Ugx1SNM0N-we1-49bHB4AaABAg,@POW-gx2xu,2024-01-19T21:52:10Z,0,​yashi1218nekiそんなんだから君はボッチなんだよ〜,https://yt3.ggpht.com/ytc/AIdro_nKUtAJ7l5a2UIqktaLsjsU-VCizPoeWrrzuVRhmu7nQ-v-RiPUE6Mlyp1MnXWw95-Qv6ah=s48-c-k-c0x00ffffff-no-rj,https://www.youtube.com/watch?v=FHsIus9tAHM
Ugx1SNM0N-we1-49bHB4AaABAg.9zfwqNgHtKB9zpcdk-xafk,Reply,Ugx1SNM0N-we1-49bHB4AaABAg,@yu4811,2024-01-21T11:51:15Z,1,😊,https://yt3.ggpht.com/ytc/AIdro_mqzZneetWSRf-91IZiD60mMudLKJ1OZ8qN7EkFZaXB_JMKuU-9ky7tjqVG6K6kdoxNLPI=s48-c-k-c0x00ffffff-no-rj,https://www.youtube.com/watch?v=FHsIus9tAHM
Ugx1SNM0N-we1-49bHB4AaABAg.9zfwqNgHtKB9zpwf48t6K3,Reply,Ugx1SNM0N-we1-49bHB4AaABAg,@サトケン-x9h,2024-01-21T14:46:12Z,3,味噌も白味噌のほうが八丁味噌のほうが塩分少ないように思うんだが。白味噌系は八丁味噌よりも少ない量でも塩辛いと感じる,https://yt3.ggpht.com/ytc/AIdro_nrwNgqr2FyEziXQdhO3_pJJA_uhvKf3d1XbI61hJY=s48-c-k-c0x00ffffff-no-rj,https://www.youtube.com/watch?v=FHsIus9tAHM
Ugx1SNM0N-we1-49bHB4AaABAg.9zfwqNgHtKB9ztWD6Jz4ae,Reply,Ugx1SNM0N-we1-49bHB4AaABAg,@二重スリット実験,2024-01-23T00:03:17Z,18,何を勘違いしてるか知らんけど塩分濃度で薄口と濃口を決めてるわけじゃなく発酵の期間。そして濃口しょう油は薄口より熟成発酵させてるから薄口より香りも味も強く感じるんだよ,https://yt3.ggpht.com/ytc/AIdro_nOTGUVQjRc6JpJgOD9xQ9HCAQFvWkOCPPKyDej4K4=s48-c-k-c0x00ffffff-no-rj,https://www.youtube.com/watch?v=FHsIus9tAHM
UgxXohBsdtbODVl-Bvd4AaABAg,Thread,,@海志朗,2024-05-05T01:42:21Z,1,江戸時代が２５０年間続いたという表記があるが、中学校の教科書には約２６０年間と表記されている。どちらが、いい加減なことを言っているの？,https://yt3.ggpht.com/ytc/AIdro_nX4HfiXY6W7mAzsZPP4xrRi4LVwy3DxJ8n5bP9lQBRqqbrj1s=s48-c-k-c0x00ffffff-no-rj,https://www.youtube.com/watch?v=FHsIus9tAHM
UgxXohBsdtbODVl-Bvd4AaABAg.A31uQnZ5DgYA330Bxf9ZNX,Reply,UgxXohBsdtbODVl-Bvd4AaABAg,@user-setsu_itoishigesato,2024-05-05T12:00:43Z,1,"どちらもいい加減では無いよ
徳川家が勝利した年から数えるか幕府を設立して政府として機能し始めた時期から数えるかで解釈が変わってくる",https://yt3.ggpht.com/LHTpmG48kphkf2HqcapJuaFvSuOPwVWduMMwPtpM9kTRis4hGSBoQ5qkR-GlMMtszjH2WCjg=s48-c-k-c0x00ffffff-no-rj,https://www.youtube.com/watch?v=FHsIus9tAHM
UgwNDDWl1IlbSFK6LRJ4AaABAg,Thread,,@kumamarukun701,2024-01-21T02:31:43Z,1,"薄口醤油の方が塩分濃度は高いのだけど、

薄口の薄は色が薄いって意味であり、つまり関西で色が薄い醤油を使うっていたのは見た目を重視して醤油を少量しか使わず料理の色を変えないようにしていたのに対して、

濃口醤油を使うのは料理の色を気にせず大量に使ったということなのだろうから、

大量の塩分摂取のため関東では濃口醤油を使ったという考察は正しいと思う。",https://yt3.ggpht.com/mRHNAPphbZ6h8UgUnOcIjKAhN7as7kfuIVEG7sJ8HH1NCa6HRBdIPPCnCkYeTbriVGpaomFXYQ=s48-c-k-c0x00ffffff-no-rj,https://www.youtube.com/watch?v=FHsIus9tAHM
UgxkWqHDAXJfdn0MB1t4AaABAg,Thread,,@桐山透-w6m,2024-04-03T11:40:03Z,0,ふりうりと言う日本語があるかなあ？ぼてふりじゃない？,https://yt3.ggpht.com/ytc/AIdro_kkluAdnXT_nZEkwvDw25qh7lq5xXh-zAvr4kdHFa8=s48-c-k-c0x00ffffff-no-rj,https://www.youtube.com/watch?v=FHsIus9tAHM
UgyvSukKL4WIAQaINWN4AaABAg,Thread,,@Daikoro0728,2024-09-15T17:50:51Z,0,一度でいいから江戸の街で1日過ごしてみたいなぁ。便利じゃない時代とか苦労するけど、絶対楽しいだろうな,https://yt3.ggpht.com/bK8SnHICMZuTwaBieNL4xgmako272Jk9wqKMWtpzdSLtmDpUBV42ONEtBZ03tsQ02zW5io5fSA=s48-c-k-c0x00ffffff-no-rj,https://www.youtube.com/watch?v=FHsIus9tAHM
Ugzjb38BHTtAkJgTJmt4AaABAg,Thread,,@最大6文字,2024-10-30T18:04:06Z,0,こういう歴史ってなんか、めっちゃくちゃ泣けるんだよな。なんでなんだろ,https://yt3.ggpht.com/ytc/AIdro_l42LsQgbJRcJGNEFT-vSEsIHcZLUNAIgglCOdvVhQ=s48-c-k-c0x00ffffff-no-rj,https://www.youtube.com/watch?v=FHsIus9tAHM
UgxSDvCGxK7dXCfiTDR4AaABAg,Thread,,@ひまじん-f4n,2024-09-06T14:03:31Z,2,自分は７５歳で昭和24年生まれの東京下町育ちだが、当時は冷蔵庫なんてもんはなかった。田舎に行けば何処も肥やしのクソの匂いがして、食い物は臭くて不味い物ばかり魚の干物など高級品ですよ。,https://yt3.ggpht.com/ytc/AIdro_lYOek0KwMA49qS5WRHYYvvznRAROH4aFZWGT8f6dCzp7r9ZJvAjCNG-H1jPbjiwvSPLSta=s48-c-k-c0x00ffffff-no-rj,https://www.youtube.com/watch?v=FHsIus9tAHM
UgwK7ce4Nkl460C_Jbt4AaABAg,Thread,,@dtneko954,2024-02-08T02:35:24Z,0,"2×8説はどうかなぁ〜
九九は当時あったのでしょうか？
4文銭×4=16文なら納得出来るのですが😢",https://yt3.ggpht.com/ytc/AIdro_nZAu6CNvgm-JpBK4Fvb4J43W9ahyyxv8UD5UBhmyUbeRMORs1BrrOoUhSF1HHip9sZUg=s48-c-k-c0x00ffffff-no-rj,https://www.youtube.com/watch?v=FHsIus9tAHM
UgwK7ce4Nkl460C_Jbt4AaABAg.A-XzLKyeCY-A-ukQiri5y8,Reply,UgwK7ce4Nkl460C_Jbt4AaABAg,@権兵衛-b4n,2024-02-17T08:06:51Z,1,"掛け算の掛けるの語源がどこからきてるにかというと、江戸初期にでて庶民にまでヒットした数学書の塵劫記ですぜ。

掛け算あたりなら、商売する上で必須知識だし。

複製されまくって普及したけど庶民レベルではさすがに円周率を自分で計算して求めようっていう人はいなかったしく円周率は微妙に間違ってる。",https://yt3.ggpht.com/ytc/AIdro_m18_OrhRNm8w21sEEKKOvr4xmFA7TIAVd6kNb9M2LtnXT-FQc=s48-c-k-c0x00ffffff-no-rj,https://www.youtube.com/watch?v=FHsIus9tAHM
UgwK7ce4Nkl460C_Jbt4AaABAg.A-XzLKyeCY-A08l2YVXoTO,Reply,UgwK7ce4Nkl460C_Jbt4AaABAg,@dtneko954,2024-02-23T04:00:53Z,0,@権兵衛-b4n そうでしたか。勉強不足で発言するのは恥ずかしい結果になっちゃいますね。ということは当時既にニハチジュウロクが定着していたんですねー、、あそっか！死死16は縁起が悪いからか‼️,https://yt3.ggpht.com/ytc/AIdro_nZAu6CNvgm-JpBK4Fvb4J43W9ahyyxv8UD5UBhmyUbeRMORs1BrrOoUhSF1HHip9sZUg=s48-c-k-c0x00ffffff-no-rj,https://www.youtube.com/watch?v=FHsIus9tAHM
UgzzsfWpUHIPU1W8HUJ4AaABAg,Thread,,@kingstone9408,2024-05-25T07:47:39Z,0,食い方,https://yt3.ggpht.com/ytc/AIdro_kWrbBS_eJ7axvDaTnajg_GRx3pddwSnGBxmrahwGIgnOfQ=s48-c-k-c0x00ffffff-no-rj,https://www.youtube.com/watch?v=FHsIus9tAHM
UgyWRz48tphXWek1tFx4AaABAg,Thread,,@9318934,2024-01-18T15:29:17Z,2,6:27 関西はうすくち、関東はこいくちに別れたのは「水の硬度の説」もあるね,https://yt3.ggpht.com/ytc/AIdro_n87pIlt_r1q8U_QWoVkqtOrnKDyDCfOaGfIcXekXQXDQ=s48-c-k-c0x00ffffff-no-rj,https://www.youtube.com/watch?v=FHsIus9tAHM
UgyWRz48tphXWek1tFx4AaABAg.9ziID-omZD6A-iSRFvtKeJ,Reply,UgyWRz48tphXWek1tFx4AaABAg,@PGP-l9v,2024-02-12T13:30:00Z,1,"❌ 別れた
⭕ 分かれた",https://yt3.ggpht.com/CWQCO2-c6MkiIGeIHLril4wB5bvmJV70WYBsbGrI273q0yCk6Eyb2APA6WMpoZi1ipJ4lXr-kQ=s48-c-k-c0x00ffffff-no-rj,https://www.youtube.com/watch?v=FHsIus9tAHM
UgzP1k7jjIriiHQHaqd4AaABAg,Thread,,@hal9815,2024-02-19T02:17:42Z,0,字幕の変わるのが早すぎる,https://yt3.ggpht.com/ytc/AIdro_k2IAIkZ4M_GTsbAX-quckrDBS20xjiJJW-8B4TfrmiYQ=s48-c-k-c0x00ffffff-no-rj,https://www.youtube.com/watch?v=FHsIus9tAHM
UgyL2m43-TJdDteGFdB4AaABAg,Thread,,@アポロクリード-k8k,2024-09-14T05:36:13Z,0,両津みたいな人、不味そうに食うなwww,https://yt3.ggpht.com/ytc/AIdro_mUZwgySAkZW2b11cqLQkhhJuSXCxETNWXXzxCbp6Al7Q=s48-c-k-c0x00ffffff-no-rj,https://www.youtube.com/watch?v=FHsIus9tAHM
UgxqvHOv3ZUOX9YOUhl4AaABAg,Thread,,@こぼーず,2024-03-11T09:16:10Z,1,天ぷらの油は何油なんだろう。大量に使うし廃棄はどうしてたんだろ？あと天ぷらはキレイな油でしか上手く揚がらない。すぐ劣化して焦げ茶色になる。それ食べてたのかな。,https://yt3.ggpht.com/ytc/AIdro_mnrLOo15twb5VSPhlPTQ41PFzAgcszwiPH_NWQTAbKLA5R0RQ8TClmkABPSCxD8ZXZ2lee=s48-c-k-c0x00ffffff-no-rj,https://www.youtube.com/watch?v=FHsIus9tAHM
UgzKbo3q9OBFD-ilRZV4AaABAg,Thread,,@potentmilk,2024-01-19T04:15:22Z,2,"うなぎは現代でも100円程の国がありますね。
プレミア価格で販売している国には都合の悪い話ですけど。",https://yt3.ggpht.com/n6MTunb1jI7HWezD5VsGNQdTNjldngLpyTmubizXqsubsBDmLL_5toaCvrFEPxsBMkxert_b=s48-c-k-c0x00ffffff-no-rj,https://www.youtube.com/watch?v=FHsIus9tAHM
UgxkpqQVRv0OPx4KeWp4AaABAg,Thread,,@knife3ver11,2025-03-14T15:52:18Z,2,白米食べてました？😅,https://yt3.ggpht.com/ytc/AIdro_nzCeTXxogx0FtZgmYQxn1b2-jqkOwGbj4JmKSVI7A=s48-c-k-c0x00ffffff-no-rj,https://www.youtube.com/watch?v=FHsIus9tAHM
UgyWkvq9YO_RpnnpTKh4AaABAg,Thread,,@sagacomonmagpie,2024-01-21T15:47:46Z,1,現代の日本より断然江戸時代後期は特に魅力的。あの頃に行ってみたいな、鬼平みたいな粋な男たちが、そこかしこに居たのだろうな。中谷昇さんが鰻食べるところ渋くてかっこいい。この番組は浮世絵と共に楽しい動画です。しかし貧富の差が激しいな、寿司一式が２０万円か、今ならそこそこで最高なものが食えるから今の方がやはり良いのか。また見に来ます、お疲れ様です。,https://yt3.ggpht.com/ytc/AIdro_keMJKudD9CzL85raa8LVN_DE4FEYePHZ25f60GLsY=s48-c-k-c0x00ffffff-no-rj,https://www.youtube.com/watch?v=FHsIus9tAHM
UgxyfrOPP0qEaN7Jsz54AaABAg,Thread,,@webcool5918,2024-02-15T09:44:27Z,0,"若い頃１日５食！丼ぶりメシ！
60になったら仕事しながらでも朝ガッツリ。昼？どっちでも良い。夜？晩酌後に少し。酒のアテで、少し腹膨れてる。
朝めし美味い！
コンビニのカップラーメンとなんちゃらだけど。",https://yt3.ggpht.com/ytc/AIdro_nxo5F-bYhNlGrzLEqjcZzG4WPMqjAESyvmSp-zfB0=s48-c-k-c0x00ffffff-no-rj,https://www.youtube.com/watch?v=FHsIus9tAHM
UgzI_vUXhaghxebJm7F4AaABAg,Thread,,@daruidarui3434,2024-02-08T09:11:38Z,0,まぁ豪商とかは祝い事や接待でいい物食ってそうだけど、そういうのに限って普段は意外と質素倹約で金をため込んでるのかね,https://yt3.ggpht.com/ytc/AIdro_mBXPcf-knhsdTLXfmJ68joWeGd9Jxpe7DgvPg6fk8=s48-c-k-c0x00ffffff-no-rj,https://www.youtube.com/watch?v=FHsIus9tAHM
UgwmAnwBcFDwV9HM_Vt4AaABAg,Thread,,@180sxnakky9,2024-02-10T13:17:05Z,0,"1日白米5合って物凄く多いよね
多くて3合だと思うよ",https://yt3.ggpht.com/ytc/AIdro_l4mE9kxJX2Jh8po32vmggCn10gz5QYn2dAmebhBzJvrQ=s48-c-k-c0x00ffffff-no-rj,https://www.youtube.com/watch?v=FHsIus9tAHM
UgwodJnVlz5jBGnktUR4AaABAg,Thread,,@猫サムライ-j8e,2024-02-10T08:08:30Z,1,江戸時代より鎌倉時代の食事の方が好きかな。やっぱ肉食文化が良い。平均身長も高かった時代だし。江戸時代は低身長短命の時代終わってる。,https://yt3.ggpht.com/yp11wL_GOPmtQwlF8_ExO3v40wTtN-V2av2JHrMkqfwGYx4nDlKvZBxELJiU665VDlEPt7xB5g=s48-c-k-c0x00ffffff-no-rj,https://www.youtube.com/watch?v=FHsIus9tAHM
UgzOdDULFhGU9c9PQdF4AaABAg,Thread,,@コンタクトコンタクト-k6t,2025-05-04T12:13:53Z,0,"くっそ…
とんでもねーグルメ動画だ…",https://yt3.ggpht.com/ytc/AIdro_lGNFDTY-tMin_bpRvkYo0pxSTqEvd-e9RWpKyuKmoGcrcRWOHbPHbFvsESz2zKowlDIvtz=s48-c-k-c0x00ffffff-no-rj,https://www.youtube.com/watch?v=FHsIus9tAHM
Ugyd0IsEeCUY-SZRsvN4AaABAg,Thread,,@tkch.4666,2024-03-11T13:16:58Z,3,"全然関係ないけど勝新太郎さんの「本物」の演技本当にすごい。
皮をかぶった「演じる」ではなくて、その人の魂を背景を「憑依」してる。今はすっかり見なくなってしまった本物の邦画俳優さんですね。",https://yt3.ggpht.com/ytc/AIdro_kw6O53K8H7uSoDotYQkvHNmHM8uFLBF8mx7ACygQ1t93doBu_Z8vWiSJCP497NAcnhWddC=s48-c-k-c0x00ffffff-no-rj,https://www.youtube.com/watch?v=FHsIus9tAHM
UgxJ1r8ntoFdvQ3guUp4AaABAg,Thread,,@奇怪田万次郎,2024-04-27T18:08:29Z,1,NHKの映像を引用だからってこう活用すると、なんか怖いな,https://yt3.ggpht.com/ytc/AIdro_lBhJRlHbyzfd-rM35vlel5q5QKkgVrAQ-E65cvU4qgwQ=s48-c-k-c0x00ffffff-no-rj,https://www.youtube.com/watch?v=FHsIus9tAHM
UgwpzYpxH4BQFrMQAVR4AaABAg,Thread,,@aconite0988,2024-03-05T12:31:25Z,0,"神田明神下の名店といえば聞こえは良いが、要するに風俗街に成り果てた秋葉原の端っこなんだな
それこそがうなぎの本質に近いのかもしれんな",https://yt3.ggpht.com/ytc/AIdro_nBEQIY6O-trElfFVBVJWvCGZA_v2unjoIkuGdYpsI=s48-c-k-c0x00ffffff-no-rj,https://www.youtube.com/watch?v=FHsIus9tAHM
Ugw8-B6PR28it_ihnmZ4AaABAg,Thread,,@takesae7842,2024-02-28T09:33:24Z,0,"薄口醤油の方が塩分多いんじゃ？
昔は違ったんか？",https://yt3.ggpht.com/ytc/AIdro_kOqN3R2iNV_caVseUbh9S7IRT85aCnDB50Yx3Wf5g=s48-c-k-c0x00ffffff-no-rj,https://www.youtube.com/watch?v=FHsIus9tAHM
Ugw0R1eUrocG-Cruz-N4AaABAg,Thread,,@ひぽたま-t4w,2024-11-20T10:08:32Z,0,むかい舌は行儀が悪い,https://yt3.ggpht.com/ytc/AIdro_m-P61LGlcgwmxzrqkfafisWPv5GQkXy9yRbvJXE84=s48-c-k-c0x00ffffff-no-rj,https://www.youtube.com/watch?v=FHsIus9tAHM
UgwfA3C7uePqhBvx0tZ4AaABAg,Thread,,@skfajhughanlknvalk,2024-03-11T10:26:32Z,0,映像の食い方やばすぎるだろｗｗｗｗｗｗ,https://yt3.ggpht.com/-xiAnCGq18vJMwsMcMc8HTnsb6LRR6OAPtiWCbITFjXyPhJuoU11LBLu-rjeSmd-GyV9ee3daA=s48-c-k-c0x00ffffff-no-rj,https://www.youtube.com/watch?v=FHsIus9tAHM
UgxY4d6eZgFvvNccAeB4AaABAg,Thread,,@品田樹理,2024-08-23T05:14:27Z,1,"塩分濃度は薄口の方が高いので、濃口の方が辛いは間違いですよ

エンタメですからと言ってますが、最低限は調べましょう",https://yt3.ggpht.com/ytc/AIdro_nBtnXqKQhRV8oFu_2PV6CzFTWiR94CQaOdEZJx9xw=s48-c-k-c0x00ffffff-no-rj,https://www.youtube.com/watch?v=FHsIus9tAHM
UgzPx4AeV5hvC2n8dOF4AaABAg,Thread,,@ffa4393,2024-05-27T14:32:02Z,1,揚げ足を取るようで申し訳ないのですが、都市はそもそも人工物では？,https://yt3.ggpht.com/ytc/AIdro_mUh5YLvli_WsKbhHMoSR1YYoZ5eg9Da01xoVZlycA=s48-c-k-c0x00ffffff-no-rj,https://www.youtube.com/watch?v=FHsIus9tAHM
Ugw4CzZkoH43HFrXVUt4AaABAg,Thread,,@ゲール爺-u4o,2024-02-24T13:49:29Z,3,"現代の鰻の蒲焼作って売ってる奴等よ
…
江戸時代の鰻の蒲焼見習えや！
値段高すぎだろーよ",https://yt3.ggpht.com/kxLiyVNxvgi1gmY6HRRGrt_DWANjD5ZoLOTZDoItONCYCZWgko4ZQZKuLTkhVVfVW0I_pTPUuA=s48-c-k-c0x00ffffff-no-rj,https://www.youtube.com/watch?v=FHsIus9tAHM
UgzkXaBSs3iVVDT_eVV4AaABAg,Thread,,@heiheiho-264,2025-06-05T11:53:55Z,1,なんか座頭市って貧乏くさくて嫌い,https://yt3.ggpht.com/ytc/AIdro_myNEmXRczcEOUaGO1emOnZbcXj-JdvsThrzovtgQqrKME=s48-c-k-c0x00ffffff-no-rj,https://www.youtube.com/watch?v=FHsIus9tAHM
UgzWlhWhTkWwvaMi6f14AaABAg,Thread,,@UCMsrBguH03LVMtj1XAIhgWQ,2024-02-29T09:48:26Z,1,武士が生産活動をしないというのは間違いです。下級武士は貧乏だったから、仕事(内職)をしなければ食べていけなかった。,https://yt3.ggpht.com/H1KyyfaSrdBzp1QGnWJUefRLveORlt7d5EorNiBUvIWMGR61zUTWUWzBWO_dqbngaFHYbfKjKA=s48-c-k-c0x00ffffff-no-rj,https://www.youtube.com/watch?v=FHsIus9tAHM
UgwNwRXrV83kBBUJ_Id4AaABAg,Thread,,@daikooroshi,2024-01-21T13:22:47Z,1,"今でも東京２３区内は、至る所で工事してますね。きっと江戸を踏襲しているのでしょう。
山手線の駅は、工事していない駅の方が少ないくらいです。
新宿駅の工期は２０５７年らしく、あのサクラダファミリァより工期は長いそうです。
品川駅から高輪ゲートウェーも大変な大工事中です。",https://yt3.ggpht.com/ytc/AIdro_nletPKiOoMd-U8AGjIUY4AFqa9wLh9-Qt5zMeHxLTC0w=s48-c-k-c0x00ffffff-no-rj,https://www.youtube.com/watch?v=FHsIus9tAHM
UgwNwRXrV83kBBUJ_Id4AaABAg.9zpn7AH6kdiA-iSjFpq-Ak,Reply,UgwNwRXrV83kBBUJ_Id4AaABAg,@PGP-l9v,2024-02-12T13:32:36Z,1,"サグラダ・ファミリア
高輪ゲートウェイ",https://yt3.ggpht.com/CWQCO2-c6MkiIGeIHLril4wB5bvmJV70WYBsbGrI273q0yCk6Eyb2APA6WMpoZi1ipJ4lXr-kQ=s48-c-k-c0x00ffffff-no-rj,https://www.youtube.com/watch?v=FHsIus9tAHM
Ugyx7gSxoKUljP3Gs2t4AaABAg,Thread,,@atom4747,2024-02-27T05:05:05Z,1,"濃い口醤油と薄口醬油
動画では濃い口の方が塩分が濃いと言ってますが
実際は薄口醤油の方が塩分濃度は高いのです（18～19％）
濃い口の塩分濃度は（16～17％）
スッキリした味わいの薄口醤油に対してコクがあるのが濃い口醤油
くれぐれも色で判断してはいけませんよ",https://yt3.ggpht.com/ytc/AIdro_kz-fXhhCW2mM72nvEvit-B2VU3ykuo57GZQB2TurE4AA=s48-c-k-c0x00ffffff-no-rj,https://www.youtube.com/watch?v=FHsIus9tAHM
UgzYLSYz6NySu_PYlW14AaABAg,Thread,,@tumakitihalu9255,2024-01-17T13:52:49Z,2,へぇー、ふぅーん、と関心する事度々。,https://yt3.ggpht.com/ytc/AIdro_njicORUpQRfAUkcwFiVUUVIAYskRGN1hmEd18yka8=s48-c-k-c0x00ffffff-no-rj,https://www.youtube.com/watch?v=FHsIus9tAHM
UgzYLSYz6NySu_PYlW14AaABAg.9zfYNYvlZRxA-iTXnWJGap,Reply,UgzYLSYz6NySu_PYlW14AaABAg,@PGP-l9v,2024-02-12T13:39:38Z,1,"❌ 関心
⭕ 感心",https://yt3.ggpht.com/CWQCO2-c6MkiIGeIHLril4wB5bvmJV70WYBsbGrI273q0yCk6Eyb2APA6WMpoZi1ipJ4lXr-kQ=s48-c-k-c0x00ffffff-no-rj,https://www.youtube.com/watch?v=FHsIus9tAHM
UgxZA7sonvroxaGVn6p4AaABAg,Thread,,@liamsmith524,2024-02-09T03:07:03Z,1,江戸時代に一度でいいから行ってみたいね。花のお江戸を体験したい,https://yt3.ggpht.com/ytc/AIdro_mMCFGLpx-oVhpUD-5nWuGkQGaSnhc77pZDhv7mEa7cxk6UAAgzralettYUi9Lid9Cr3w=s48-c-k-c0x00ffffff-no-rj,https://www.youtube.com/watch?v=FHsIus9tAHM
UgxZA7sonvroxaGVn6p4AaABAg.A-_bl1B28ENA0FI0Z2jxNP,Reply,UgxZA7sonvroxaGVn6p4AaABAg,@シマネコLove,2024-02-25T16:53:10Z,0,"行ってみたいですねえ!
でも、
おっ、テメエ、他国もんだな！
と言われて酷い目に遭うのでは😢",https://yt3.ggpht.com/ytc/AIdro_lKLc1F90KZFoIzXLksvFr_ot_jhDQuWBgbEx03VvCOy3iSeSakR3rodFATvo7yZ7LV3Q=s48-c-k-c0x00ffffff-no-rj,https://www.youtube.com/watch?v=FHsIus9tAHM
UgzNu6l_GBUQ4M3vVFJ4AaABAg,Thread,,@黄昏老人,2024-01-20T17:39:56Z,3,"李氏朝鮮時代、平均寿命は23歳、この頃の日本の寿命は25～30歳。
江戸時代と李氏朝鮮時代の食生活はほとんど変わらなかったのかも。
明治時代の文明開化から日本人の平均寿命は延び始めた。",https://yt3.ggpht.com/ytc/AIdro_nJcEDcr38Q0KjSJL5pfRfVjF7ZgvVghIfq2LfLG8ZgL_PJsmY=s48-c-k-c0x00ffffff-no-rj,https://www.youtube.com/watch?v=FHsIus9tAHM
UgzNu6l_GBUQ4M3vVFJ4AaABAg.9znfkd2ZrsxA-uhTrgbrL3,Reply,UgzNu6l_GBUQ4M3vVFJ4AaABAg,@権兵衛-b4n,2024-02-17T07:41:03Z,0,"まあ、平均寿命を極端に縮める要因って乳幼児死亡率の高さだけどね。
抵抗力の低い乳幼児がバンバン死ぬから。

あと、機械化されて科学的に栽培する近代農業が始まる以前なんてどこの国の食生活でもにたようなもん。
ヨーロッパなんかは肉文化だけど野菜や穀物の生産にむいてなかったからで、肉も飼料がかからず半年くらいで十分にそだつ豚肉くってた。
春に子供生ませて、そだった秋に来年のため残すつがし以外は肉に。
加工品(保存食)がおおいのはこのため

アジア圏で人口増えたのは、エネルギー効率のいい米の栽培が普及したからで、江戸時代以前の日本も稲作がなかったら、もっと人口が少なかった。",https://yt3.ggpht.com/ytc/AIdro_m18_OrhRNm8w21sEEKKOvr4xmFA7TIAVd6kNb9M2LtnXT-FQc=s48-c-k-c0x00ffffff-no-rj,https://www.youtube.com/watch?v=FHsIus9tAHM
Ugw7LyB5a5x8C3zL-JV4AaABAg,Thread,,@peroneko-ohagui,2024-06-25T08:48:12Z,0,玄米から重要な栄養素を排除した結果、ビタミン不足の脚気が「江戸患い」とは皮肉が効いてていいね,https://yt3.ggpht.com/nWegXZ-pNKDCuhVo1cYrBukQiSqnfN_C5SVlb5ALWmsfpPzhzzXMlb0Dm0QHAY2ImqxYsCRYMg=s48-c-k-c0x00ffffff-no-rj,https://www.youtube.com/watch?v=FHsIus9tAHM
Ugy7KdVYhGVSURKLNfR4AaABAg,Thread,,@kuroegane,2025-02-13T23:13:52Z,0,振売って今で言うウーバーイーツか,https://yt3.ggpht.com/ytc/AIdro_k3pi1X_QnqCO7553UYeEPryH-d3zpaB4zHYjlO0zXT3g=s48-c-k-c0x00ffffff-no-rj,https://www.youtube.com/watch?v=FHsIus9tAHM
UgwIWDYRx2E_rweOgvl4AaABAg,Thread,,@タミヤマ,2024-01-18T10:59:01Z,1,"幕府にはお金が在り、藩にもお金が在ったが、役人は基本的に貧乏です。
農民は銭はないが食べる物が在り、商人や町民は食べる物はないが勢にが在る。
穢多、非人が一番のお金持ちで在り、遊郭等へ出向くの多くのこの人達です。
一般市民は懐に一両を常に持っていたそうです。でも使う事は滅多に在りません。
何かあった時の為に、他人に頼むお金だそうです。
お寿司も昔はファーストフードですし、学校で学んだ事は全て嘘ですね。",https://yt3.ggpht.com/ytc/AIdro_n_ZwEELW6ELDF4U6qP69RMzk3PH8j6-n82yG2tKplQEA=s48-c-k-c0x00ffffff-no-rj,https://www.youtube.com/watch?v=FHsIus9tAHM
UgwiINp9l2rLXWHVY7J4AaABAg,Thread,,@landnomens6584,2024-08-11T22:00:06Z,0,権利関係がわからないけど生成AIで他人の作品泥棒はしていないっぽいちゃんねるなのはは良い,https://yt3.ggpht.com/ytc/AIdro_nARuU2B-PDiNPhSDMswr3GgysoZXatsW03dLTwiQo=s48-c-k-c0x00ffffff-no-rj,https://www.youtube.com/watch?v=FHsIus9tAHM
Ugzp1aoe27V1I7K7E-F4AaABAg,Thread,,@裕裕ユタポン,2025-01-22T17:08:54Z,0,"桜田門外の変の原因を牛肉と　決めつけてるのはいかがなものか？
諸説あるくらいにしといたら？",https://yt3.ggpht.com/ytc/AIdro_lz3a0HC_jNUYmWPpRc304Q67CNkW4bWSXDWKIIo1K7WWN6=s48-c-k-c0x00ffffff-no-rj,https://www.youtube.com/watch?v=FHsIus9tAHM
Ugw9vKGMUzz_2usQRCd4AaABAg,Thread,,@ピンマル,2024-02-07T20:37:38Z,0,ウナギやトロが下賤な食べ物って言う思考って現代の二郎系ラーメンについての議論に合い通じる物を感じますねえ。,https://yt3.ggpht.com/Q4N5-UoG-xQebmMyFm5zEfU5xHzDT2A9rtXdvioKVfdEhWfeDdDlU0bQjsu8IGsTxIeo5zkaCg=s48-c-k-c0x00ffffff-no-rj,https://www.youtube.com/watch?v=FHsIus9tAHM
Ugw9vKGMUzz_2usQRCd4AaABAg.A-XLOsYA7GBA-iTUowXu6D,Reply,Ugw9vKGMUzz_2usQRCd4AaABAg,@PGP-l9v,2024-02-12T13:39:14Z,1,合い ➜ 相,https://yt3.ggpht.com/CWQCO2-c6MkiIGeIHLril4wB5bvmJV70WYBsbGrI273q0yCk6Eyb2APA6WMpoZi1ipJ4lXr-kQ=s48-c-k-c0x00ffffff-no-rj,https://www.youtube.com/watch?v=FHsIus9tAHM
Ugx1uw6kwCK8u4FfUrd4AaABAg,Thread,,@田中ポエリン,2024-03-23T08:03:42Z,2,"こんにちは。
私は元薩摩藩士ですが、当時は意外に豚肉を食べることが多かったです。
豚汁が一番好きでしたね。",https://yt3.ggpht.com/el6zNScwMhyebm828I-kO2Ay7fEsF1pGqMyZg2YWlYJnXGcQd_XXfZmeVUCgz899QPai1tfx=s48-c-k-c0x00ffffff-no-rj,https://www.youtube.com/watch?v=FHsIus9tAHM
Ugy0Dgcb-r4xUtwTYs14AaABAg,Thread,,@えどが,2024-02-09T05:53:46Z,0,内蔵助おもしろい😂,https://yt3.ggpht.com/Mj5TpadZ2jnlBPj7CTcdooQJaQ1hBWyQhlLzFW6ds1ZKVfGV3cd6Ga-Gvw79c7w8_dQsxjQfMw=s48-c-k-c0x00ffffff-no-rj,https://www.youtube.com/watch?v=FHsIus9tAHM
UgwWZ2BsZ4DJFm7Ko6x4AaABAg,Thread,,@はちくま-c1z,2024-01-18T04:18:20Z,6,"こういう動画ってコメ欄に必ず違うそうじゃないおじさんが出るよな

江戸時代からYouTube見てんのかい？",https://yt3.ggpht.com/ytc/AIdro_k0S2PNXr8R3_isvmPKGyu17JKyyPD6jwpBeF9bAHo=s48-c-k-c0x00ffffff-no-rj,https://www.youtube.com/watch?v=FHsIus9tAHM
UgxR3a4bV590z4CkcRB4AaABAg,Thread,,@ジョルノジョバーナ-t3k,2024-05-04T06:15:24Z,0,昔の人間はあほばっかりやなぁ😅,https://yt3.ggpht.com/ytc/AIdro_lC8CoYbLRep2izlZuXhzxCS5Nbn6Rk3PqqafANwLeBQXV3yRK4HiQ-6TOb0nv7jr51G8JFSHEX=s48-c-k-c0x00ffffff-no-rj,https://www.youtube.com/watch?v=FHsIus9tAHM
Ugw2ei0gSMFM_-wc7JF4AaABAg,Thread,,@けぷと-g9x,2024-02-25T08:27:54Z,1,"東京の味付けって、甘い・塩辛い（醤油）だけで旨味がないんよねぇ。
30年前に東京で初めてうどん食べた時（一杯1000円くらいで３本くらいしか入ってなかった。）、今半で食事した時「まずっ」と思った。。
北九州育ちだけど近所の安いうどん屋さんの方が１０倍美味しいと思った。
がしかし、
江戸時代の人ってなんで脂が嫌いなんだろう？？　ちょっとでコクが出てご飯がさらに美味しく感じるのに。",https://yt3.ggpht.com/ytc/AIdro_menfhNyRb8Jf1L5sVFgulwQkp_pnEsDGXJDD26Lss9a8MiOzsA-5oxD2QZZtQ2eDHFb7EE=s48-c-k-c0x00ffffff-no-rj,https://www.youtube.com/watch?v=FHsIus9tAHM
Ugw2ei0gSMFM_-wc7JF4AaABAg.A0EOBwC3ImjA0TY6vGyPtv,Reply,Ugw2ei0gSMFM_-wc7JF4AaABAg,@zlatanpapa9114,2024-03-02T05:43:12Z,0,古っわら,https://yt3.ggpht.com/ytc/AIdro_mPilKPvy355DRfFMJ3WxKQDkRAZjqOchrcrUkrf9r_=s48-c-k-c0x00ffffff-no-rj,https://www.youtube.com/watch?v=FHsIus9tAHM
Ugw4SHlPNjdQ-XzI1Hl4AaABAg,Thread,,@dollyvarden1110,2025-01-04T22:31:15Z,0,広告おねだり動画に未来はない。途中で見る気が失せた,https://yt3.ggpht.com/jJSiSHYB9okbrGLULgXg0A6u4E7gJzVXWpkBDhrPV8pyes1f_BLUMsNuom601_uTuhjL5_WNzZY=s48-c-k-c0x00ffffff-no-rj,https://www.youtube.com/watch?v=FHsIus9tAHM
UgzQMpesmC0DsCn7Dk14AaABAg,Thread,,@hirohiro997,2024-02-08T02:44:25Z,0,"味はたぶん、現代人には物足りないだろ

しかし江戸の粋な風情の中で食される

飯のなんと旨そうなことか

この現代では失われた

情景に心躍らせながら

YouTubeをぼんやりと眺め　

侍マックとしょぺぇポテトを

冷えたダイエットコークで流し込む

これもまた乙",https://yt3.ggpht.com/ytc/AIdro_nc2uEbtB-I2-aWwZPO21kWtUwlcFypE20YtopjSlsYLw=s48-c-k-c0x00ffffff-no-rj,https://www.youtube.com/watch?v=FHsIus9tAHM
Ugx8ymbbxjbZZ62AUTl4AaABAg,Thread,,@娘ちゃんねる抹茶味z,2024-03-15T14:13:25Z,1,"関西は薄口醤油を少量
関東は濃口醤油を大量

醤油そのものの塩分よりも 使う量が段違いなので関東の料理はしょっぱいんですよ",https://yt3.ggpht.com/RJRwROoFNlsRUXkmGYPCTIVsuqx7Mw_Son1vaonitPo8illBn2cD3sDwtaGIaQx1ckNC5l-U=s48-c-k-c0x00ffffff-no-rj,https://www.youtube.com/watch?v=FHsIus9tAHM
UgykKAo8pNTjRdex2sp4AaABAg,Thread,,@三浦一秀-h6o,2024-01-18T11:44:23Z,1,"何で学校で教えてくれないんだろね。
維新前って野蛮ってイメージにしたいのかな？",https://yt3.ggpht.com/ytc/AIdro_n3AexbIABbMKlogUR0dPQIElzbRy40MFOmAi6C0boN4j398k0=s48-c-k-c0x00ffffff-no-rj,https://www.youtube.com/watch?v=FHsIus9tAHM
Ugy16LdLMMPA0TjOPkx4AaABAg,Thread,,@うさまる-0,2024-07-24T19:32:23Z,0,"醤油は江戸、出汁は上方とありますが、地方の水の差があったと思います。
江戸の水は軟水なので醤油と相性が良く、上方は硬水なので出汁との相性が良かった…自分はそう思っております。",https://yt3.ggpht.com/85j9dytj6oL2IvoNvKkqr5o0uBJ3B53osx12BX6xleqX8VxaK_pEB_xhqz2poYmWRQNRscuq=s48-c-k-c0x00ffffff-no-rj,https://www.youtube.com/watch?v=FHsIus9tAHM
Ugy16LdLMMPA0TjOPkx4AaABAg.A6HoU2bu5lVA7J4SlJf2_I,Reply,Ugy16LdLMMPA0TjOPkx4AaABAg,@灰色山猫,2024-08-19T03:51:24Z,0,逆じゃなくて？関東は硬水、関西は軟水,https://yt3.ggpht.com/Pquzh5PD0zKgV3DFmcqjBv5vxdbTxISHcVMWjut53U6xxUrkoJpMXBFREqmcmPH7B6dWWVF8Yw=s48-c-k-c0x00ffffff-no-rj,https://www.youtube.com/watch?v=FHsIus9tAHM
Ugw-kPIvNQjRnfP4KMl4AaABAg,Thread,,@morihuzi-aki,2024-03-02T06:40:35Z,0,11:47　え？　道場さん！？,https://yt3.ggpht.com/Q33_qjpS1xn96uXQS_Tg2kW6bxn9Lnne24Kn-O_Ahd4UQaY58W-Ao8Fw0fMPlBnUUTpPdUlN=s48-c-k-c0x00ffffff-no-rj,https://www.youtube.com/watch?v=FHsIus9tAHM
Ugw37vFD7Y29l1ZmvVR4AaABAg,Thread,,@23takeshi26,2024-02-11T12:02:46Z,1,明治昭和平成令和をたしても江戸時代の年歴に及ばない。まだまだ日本人として実は江戸の奥深さを知らないんだとおもい知らされますね。戦争のない鎖国時代の江戸っ子の生活は興味が尽きないです。,https://yt3.ggpht.com/ytc/AIdro_nJvulJLGG7-hAKCYN7dTDUDiEx8B4nKnvecYFBC46xn8Y=s48-c-k-c0x00ffffff-no-rj,https://www.youtube.com/watch?v=FHsIus9tAHM
UgxzWmTSwKhPRnwQ_ft4AaABAg,Thread,,@xentric24,2024-03-10T20:36:07Z,3,"西の蕎麦つゆは昆布だしベースに薄口醤油で一見、色は薄いがしょっぱいので砂糖も入れ、東の辛汁は鰹だしに濃口醤油で真っ黒。好みが辛口なのは間違いないです。
東北や神奈川の方に行くと漬物や干物など塩干物が好まれましたから、上に登るほど塩がきつい。
江戸は東北からの出稼ぎや移民も多かったのでしょうね。
確か贅沢を規制され、神奈川の方に行って魚を食べて帰っていた時期があったと思います。
個人的には本所･深川の埋め立てをした魚屋十兵衛と田沼新太郎の話をお願いいたします。",https://yt3.ggpht.com/ytc/AIdro_lR7fVPN8K5ttrOZQoIhmJzaQegCmZi3tmxT7jEiP1alBM=s48-c-k-c0x00ffffff-no-rj,https://www.youtube.com/watch?v=FHsIus9tAHM
Ugwwy6qsTSuQwtRSyTh4AaABAg,Thread,,@hirosukemax19840904,2025-03-28T08:41:45Z,0,1:31　ご飯の食い方が石破茂並みに汚いｗ,https://yt3.ggpht.com/ytc/AIdro_krw1kqhj2AN6i5YpAChpL6chHPpEqMWMV8cW8lzPXB55k=s48-c-k-c0x00ffffff-no-rj,https://www.youtube.com/watch?v=FHsIus9tAHM
UgyS2szSzH4ffjy2cM14AaABAg,Thread,,@勇一菅原,2024-01-23T13:40:59Z,0,"稲作発祥は日本なのに、大陸から精米の技術がくるなどあり得ません。
稲作は日本から長江に伝わったのが正しい歴史。
この内容の改変も近隣諸国条項の影響でしょうかね。",https://yt3.ggpht.com/ytc/AIdro_ksyKxjZmsexQxy8qshuQXd1cekxseHeq4pSijO4D0=s48-c-k-c0x00ffffff-no-rj,https://www.youtube.com/watch?v=FHsIus9tAHM
UgyS2szSzH4ffjy2cM14AaABAg.9zuyn9zRcWRA-iN4CldANC,Reply,UgyS2szSzH4ffjy2cM14AaABAg,@知花信,2024-02-12T12:43:10Z,1,"魏志倭人伝以前の後漢の揚子江近郊の主食は米やったはずやけど?

ちなみに三国志の魏国",https://yt3.ggpht.com/ytc/AIdro_mTtKhJmHzpf6Ex63J1kC_GnSuTJ_PMydU12KsOQj0=s48-c-k-c0x00ffffff-no-rj,https://www.youtube.com/watch?v=FHsIus9tAHM
Ugx6w1FOG8bPFgazkvh4AaABAg,Thread,,@かとう蛇,2024-02-10T08:22:53Z,0,「菜種油が普及したことで夜なべが増えた」ということは、現代の「長時間労働のブラック企業が増えたのは電気が普及したから」？,https://yt3.ggpht.com/ytc/AIdro_ne8o3OJO9AUuzlYLFUF_V5rW39ke5bxz-kxqaEYvAjh_4=s48-c-k-c0x00ffffff-no-rj,https://www.youtube.com/watch?v=FHsIus9tAHM
Ugx6w1FOG8bPFgazkvh4AaABAg.A-ckh7US-6OA-iStv2AQtf,Reply,Ugx6w1FOG8bPFgazkvh4AaABAg,@PGP-l9v,2024-02-12T13:34:03Z,3,"当然でしょ
人間の活動可能時間が増えました",https://yt3.ggpht.com/CWQCO2-c6MkiIGeIHLril4wB5bvmJV70WYBsbGrI273q0yCk6Eyb2APA6WMpoZi1ipJ4lXr-kQ=s48-c-k-c0x00ffffff-no-rj,https://www.youtube.com/watch?v=FHsIus9tAHM